1;4;1;3;1;2.44949;1;2.43733
2;2.66667;2;3.16667;2;2.73861;2;2.72638
3;3.46667;3;3.13333;3;2.85774;3;2.84563
4;2.89524;4;3.14524;4;2.92261;4;2.91061
5;3.33968;5;3.13968;5;2.96339;5;2.95147
6;2.97605;6;3.14271;6;2.99138;6;2.97952
7;3.28374;7;3.14088;7;3.01177;7;2.99997
8;3.01707;8;3.14207;8;3.0273;8;3.01554
9;3.25237;9;3.14125;9;3.03951;9;3.02778
10;3.04184;10;3.14184;10;3.04936;10;3.03766
11;3.23232;11;3.14141;11;3.05748;11;3.04581
12;3.0584;12;3.14174;12;3.06429;12;3.05263
13;3.2184;13;3.14148;13;3.07008;13;3.05844
14;3.07026;14;3.14168;14;3.07506;14;3.06344
15;3.20819;15;3.14152;15;3.07939;15;3.06778
16;3.07915;16;3.14165;16;3.08319;16;3.0716
17;3.20037;17;3.14154;17;3.08656;17;3.07497
18;3.08608;18;3.14164;18;3.08956;18;3.07798
19;3.19419;19;3.14156;19;3.09225;19;3.08068
20;3.09162;20;3.14162;20;3.09467;20;3.08311
21;3.18918;21;3.14157;21;3.09687;21;3.08532
22;3.09616;22;3.14162;22;3.09887;22;3.08732
23;3.18505;23;3.14157;23;3.1007;23;3.08916
24;3.09994;24;3.14161;24;3.10238;24;3.09084
25;3.18158;25;3.14158;25;3.10392;25;3.09239
26;3.10315;26;3.14161;26;3.10535;26;3.09383
27;3.17862;27;3.14158;27;3.10668;27;3.09516
28;3.10589;28;3.1416;28;3.10791;28;3.09639
29;3.17607;29;3.14158;29;3.10906;29;3.09755
30;3.10827;30;3.1416;30;3.11013;30;3.09862
31;3.17384;31;3.14158;31;3.11113;31;3.09963
32;3.11035;32;3.1416;32;3.11207;32;3.10057
33;3.17189;33;3.14159;33;3.11296;33;3.10146
34;3.11219;34;3.1416;34;3.11379;34;3.1023
35;3.17016;35;3.14159;35;3.11458;35;3.10309
36;3.11382;36;3.1416;36;3.11532;36;3.10383
37;3.16861;37;3.14159;37;3.11603;37;3.10454
38;3.11528;38;3.1416;38;3.11669;38;3.10521
39;3.16723;39;3.14159;39;3.11733;39;3.10584
40;3.1166;40;3.1416;40;3.11793;40;3.10645
41;3.16598;41;3.14159;41;3.1185;41;3.10702
42;3.11779;42;3.1416;42;3.11904;42;3.10757
43;3.16485;43;3.14159;43;3.11956;43;3.10809
44;3.11887;44;3.1416;44;3.12006;44;3.10859
45;3.16381;45;3.14159;45;3.12054;45;3.10906
46;3.11986;46;3.1416;46;3.12099;46;3.10952
47;3.16287;47;3.14159;47;3.12143;47;3.10996
48;3.12076;48;3.1416;48;3.12184;48;3.11037
49;3.162;49;3.14159;49;3.12224;49;3.11078
50;3.12159;50;3.14159;50;3.12263;50;3.11116
51;3.1612;51;3.14159;51;3.123;51;3.11153
52;3.12236;52;3.14159;52;3.12335;52;3.11189
53;3.16046;53;3.14159;53;3.12369;53;3.11223
54;3.12308;54;3.14159;54;3.12402;54;3.11256
55;3.15977;55;3.14159;55;3.12434;55;3.11288
56;3.12374;56;3.14159;56;3.12465;56;3.11319
57;3.15913;57;3.14159;57;3.12494;57;3.11349
58;3.12435;58;3.14159;58;3.12523;58;3.11377
59;3.15854;59;3.14159;59;3.1255;59;3.11405
60;3.12493;60;3.14159;60;3.12577;60;3.11432
61;3.15798;61;3.14159;61;3.12603;61;3.11457
62;3.12546;62;3.14159;62;3.12628;62;3.11483
63;3.15746;63;3.14159;63;3.12652;63;3.11507
64;3.12597;64;3.14159;64;3.12675;64;3.1153
65;3.15698;65;3.14159;65;3.12698;65;3.11553
66;3.12644;66;3.14159;66;3.1272;66;3.11575
67;3.15652;67;3.14159;67;3.12741;67;3.11597
68;3.12689;68;3.14159;68;3.12762;68;3.11617
69;3.15608;69;3.14159;69;3.12782;69;3.11638
70;3.12731;70;3.14159;70;3.12802;70;3.11657
71;3.15568;71;3.14159;71;3.12821;71;3.11676
72;3.1277;72;3.14159;72;3.12839;72;3.11695
73;3.15529;73;3.14159;73;3.12857;73;3.11713
74;3.12808;74;3.14159;74;3.12875;74;3.11731
75;3.15493;75;3.14159;75;3.12892;75;3.11748
76;3.12844;76;3.14159;76;3.12909;76;3.11764
77;3.15458;77;3.14159;77;3.12925;77;3.11781
78;3.12877;78;3.14159;78;3.1294;78;3.11796
79;3.15425;79;3.14159;79;3.12956;79;3.11812
80;3.12909;80;3.14159;80;3.12971;80;3.11827
81;3.15394;81;3.14159;81;3.12985;81;3.11842
82;3.1294;82;3.14159;82;3.13;82;3.11856
83;3.15364;83;3.14159;83;3.13014;83;3.1187
84;3.12969;84;3.14159;84;3.13027;84;3.11883
85;3.15336;85;3.14159;85;3.1304;85;3.11897
86;3.12996;86;3.14159;86;3.13053;86;3.1191
87;3.15309;87;3.14159;87;3.13066;87;3.11922
88;3.13023;88;3.14159;88;3.13078;88;3.11935
89;3.15283;89;3.14159;89;3.13091;89;3.11947
90;3.13048;90;3.14159;90;3.13102;90;3.11959
91;3.15258;91;3.14159;91;3.13114;91;3.1197
92;3.13072;92;3.14159;92;3.13125;92;3.11982
93;3.15234;93;3.14159;93;3.13136;93;3.11993
94;3.13095;94;3.14159;94;3.13147;94;3.12004
95;3.15212;95;3.14159;95;3.13158;95;3.12014
96;3.13118;96;3.14159;96;3.13168;96;3.12025
97;3.1519;97;3.14159;97;3.13178;97;3.12035
98;3.13139;98;3.14159;98;3.13188;98;3.12045
99;3.15169;99;3.14159;99;3.13198;99;3.12055
100;3.13159;100;3.14159;100;3.13208;100;3.12065
101;3.15149;101;3.14159;101;3.13217;101;3.12074
102;3.13179;102;3.14159;102;3.13226;102;3.12083
103;3.1513;103;3.14159;103;3.13235;103;3.12092
104;3.13198;104;3.14159;104;3.13244;104;3.12101
105;3.15112;105;3.14159;105;3.13253;105;3.1211
106;3.13216;106;3.14159;106;3.13261;106;3.12118
107;3.15094;107;3.14159;107;3.1327;107;3.12127
108;3.13233;108;3.14159;108;3.13278;108;3.12135
109;3.15077;109;3.14159;109;3.13286;109;3.12143
110;3.1325;110;3.14159;110;3.13294;110;3.12151
111;3.1506;111;3.14159;111;3.13302;111;3.12159
112;3.13266;112;3.14159;112;3.13309;112;3.12167
113;3.15044;113;3.14159;113;3.13317;113;3.12174
114;3.13282;114;3.14159;114;3.13324;114;3.12181
115;3.15029;115;3.14159;115;3.13331;115;3.12189
116;3.13297;116;3.14159;116;3.13339;116;3.12196
117;3.15014;117;3.14159;117;3.13346;117;3.12203
118;3.13312;118;3.14159;118;3.13352;118;3.1221
119;3.15;119;3.14159;119;3.13359;119;3.12217
120;3.13326;120;3.14159;120;3.13366;120;3.12223
121;3.14986;121;3.14159;121;3.13372;121;3.1223
122;3.1334;122;3.14159;122;3.13379;122;3.12236
123;3.14972;123;3.14159;123;3.13385;123;3.12243
124;3.13353;124;3.14159;124;3.13391;124;3.12249
125;3.14959;125;3.14159;125;3.13397;125;3.12255
126;3.13366;126;3.14159;126;3.13403;126;3.12261
127;3.14947;127;3.14159;127;3.13409;127;3.12267
128;3.13378;128;3.14159;128;3.13415;128;3.12273
129;3.14934;129;3.14159;129;3.13421;129;3.12279
130;3.1339;130;3.14159;130;3.13427;130;3.12284
131;3.14923;131;3.14159;131;3.13432;131;3.1229
132;3.13402;132;3.14159;132;3.13438;132;3.12295
133;3.14911;133;3.14159;133;3.13443;133;3.12301
134;3.13413;134;3.14159;134;3.13448;134;3.12306
135;3.149;135;3.14159;135;3.13454;135;3.12311
136;3.13424;136;3.14159;136;3.13459;136;3.12317
137;3.14889;137;3.14159;137;3.13464;137;3.12322
138;3.13435;138;3.14159;138;3.13469;138;3.12327
139;3.14879;139;3.14159;139;3.13474;139;3.12332
140;3.13445;140;3.14159;140;3.13479;140;3.12337
141;3.14868;141;3.14159;141;3.13484;141;3.12342
142;3.13455;142;3.14159;142;3.13488;142;3.12346
143;3.14859;143;3.14159;143;3.13493;143;3.12351
144;3.13465;144;3.14159;144;3.13498;144;3.12356
145;3.14849;145;3.14159;145;3.13502;145;3.1236
146;3.13474;146;3.14159;146;3.13507;146;3.12365
147;3.1484;147;3.14159;147;3.13511;147;3.12369
148;3.13484;148;3.14159;148;3.13516;148;3.12374
149;3.1483;149;3.14159;149;3.1352;149;3.12378
150;3.13493;150;3.14159;150;3.13524;150;3.12382
151;3.14821;151;3.14159;151;3.13528;151;3.12386
152;3.13501;152;3.14159;152;3.13532;152;3.1239
153;3.14813;153;3.14159;153;3.13537;153;3.12395
154;3.1351;154;3.14159;154;3.13541;154;3.12399
155;3.14804;155;3.14159;155;3.13545;155;3.12403
156;3.13518;156;3.14159;156;3.13548;156;3.12407
157;3.14796;157;3.14159;157;3.13552;157;3.1241
158;3.13526;158;3.14159;158;3.13556;158;3.12414
159;3.14788;159;3.14159;159;3.1356;159;3.12418
160;3.13534;160;3.14159;160;3.13564;160;3.12422
161;3.1478;161;3.14159;161;3.13567;161;3.12426
162;3.13542;162;3.14159;162;3.13571;162;3.12429
163;3.14773;163;3.14159;163;3.13575;163;3.12433
164;3.13549;164;3.14159;164;3.13578;164;3.12436
165;3.14765;165;3.14159;165;3.13582;165;3.1244
166;3.13557;166;3.14159;166;3.13585;166;3.12443
167;3.14758;167;3.14159;167;3.13589;167;3.12447
168;3.13564;168;3.14159;168;3.13592;168;3.1245
169;3.14751;169;3.14159;169;3.13595;169;3.12454
170;3.13571;170;3.14159;170;3.13599;170;3.12457
171;3.14744;171;3.14159;171;3.13602;171;3.1246
172;3.13578;172;3.14159;172;3.13605;172;3.12464
173;3.14737;173;3.14159;173;3.13608;173;3.12467
174;3.13585;174;3.14159;174;3.13612;174;3.1247
175;3.14731;175;3.14159;175;3.13615;175;3.12473
176;3.13591;176;3.14159;176;3.13618;176;3.12476
177;3.14724;177;3.14159;177;3.13621;177;3.12479
178;3.13597;178;3.14159;178;3.13624;178;3.12482
179;3.14718;179;3.14159;179;3.13627;179;3.12485
180;3.13604;180;3.14159;180;3.1363;180;3.12488
181;3.14712;181;3.14159;181;3.13633;181;3.12491
182;3.1361;182;3.14159;182;3.13636;182;3.12494
183;3.14706;183;3.14159;183;3.13638;183;3.12497
184;3.13616;184;3.14159;184;3.13641;184;3.125
185;3.147;185;3.14159;185;3.13644;185;3.12503
186;3.13622;186;3.14159;186;3.13647;186;3.12505
187;3.14694;187;3.14159;187;3.1365;187;3.12508
188;3.13627;188;3.14159;188;3.13652;188;3.12511
189;3.14688;189;3.14159;189;3.13655;189;3.12513
190;3.13633;190;3.14159;190;3.13658;190;3.12516
191;3.14683;191;3.14159;191;3.1366;191;3.12519
192;3.13638;192;3.14159;192;3.13663;192;3.12521
193;3.14677;193;3.14159;193;3.13665;193;3.12524
194;3.13644;194;3.14159;194;3.13668;194;3.12526
195;3.14672;195;3.14159;195;3.1367;195;3.12529
196;3.13649;196;3.14159;196;3.13673;196;3.12531
197;3.14667;197;3.14159;197;3.13675;197;3.12534
198;3.13654;198;3.14159;198;3.13678;198;3.12536
199;3.14662;199;3.14159;199;3.1368;199;3.12539
200;3.13659;200;3.14159;200;3.13683;200;3.12541
201;3.14657;201;3.14159;201;3.13685;201;3.12544
202;3.13664;202;3.14159;202;3.13687;202;3.12546
203;3.14652;203;3.14159;203;3.1369;203;3.12548
204;3.13669;204;3.14159;204;3.13692;204;3.12551
205;3.14647;205;3.14159;205;3.13694;205;3.12553
206;3.13674;206;3.14159;206;3.13697;206;3.12555
207;3.14642;207;3.14159;207;3.13699;207;3.12557
208;3.13679;208;3.14159;208;3.13701;208;3.1256
209;3.14638;209;3.14159;209;3.13703;209;3.12562
210;3.13683;210;3.14159;210;3.13705;210;3.12564
211;3.14633;211;3.14159;211;3.13707;211;3.12566
212;3.13688;212;3.14159;212;3.1371;212;3.12568
213;3.14629;213;3.14159;213;3.13712;213;3.1257
214;3.13692;214;3.14159;214;3.13714;214;3.12573
215;3.14624;215;3.14159;215;3.13716;215;3.12575
216;3.13696;216;3.14159;216;3.13718;216;3.12577
217;3.1462;217;3.14159;217;3.1372;217;3.12579
218;3.13701;218;3.14159;218;3.13722;218;3.12581
219;3.14616;219;3.14159;219;3.13724;219;3.12583
220;3.13705;220;3.14159;220;3.13726;220;3.12585
221;3.14612;221;3.14159;221;3.13728;221;3.12587
222;3.13709;222;3.14159;222;3.1373;222;3.12589
223;3.14608;223;3.14159;223;3.13732;223;3.12591
224;3.13713;224;3.14159;224;3.13734;224;3.12592
225;3.14604;225;3.14159;225;3.13736;225;3.12594
226;3.13717;226;3.14159;226;3.13737;226;3.12596
227;3.146;227;3.14159;227;3.13739;227;3.12598
228;3.13721;228;3.14159;228;3.13741;228;3.126
229;3.14596;229;3.14159;229;3.13743;229;3.12602
230;3.13725;230;3.14159;230;3.13745;230;3.12604
231;3.14592;231;3.14159;231;3.13747;231;3.12605
232;3.13728;232;3.14159;232;3.13748;232;3.12607
233;3.14589;233;3.14159;233;3.1375;233;3.12609
234;3.13732;234;3.14159;234;3.13752;234;3.12611
235;3.14585;235;3.14159;235;3.13754;235;3.12612
236;3.13736;236;3.14159;236;3.13755;236;3.12614
237;3.14581;237;3.14159;237;3.13757;237;3.12616
238;3.13739;238;3.14159;238;3.13759;238;3.12618
239;3.14578;239;3.14159;239;3.1376;239;3.12619
240;3.13743;240;3.14159;240;3.13762;240;3.12621
241;3.14574;241;3.14159;241;3.13764;241;3.12623
242;3.13746;242;3.14159;242;3.13765;242;3.12624
243;3.14571;243;3.14159;243;3.13767;243;3.12626
244;3.1375;244;3.14159;244;3.13769;244;3.12627
245;3.14567;245;3.14159;245;3.1377;245;3.12629
246;3.13753;246;3.14159;246;3.13772;246;3.12631
247;3.14564;247;3.14159;247;3.13773;247;3.12632
248;3.13756;248;3.14159;248;3.13775;248;3.12634
249;3.14561;249;3.14159;249;3.13776;249;3.12635
250;3.13759;250;3.14159;250;3.13778;250;3.12637
251;3.14558;251;3.14159;251;3.13779;251;3.12638
252;3.13763;252;3.14159;252;3.13781;252;3.1264
253;3.14555;253;3.14159;253;3.13782;253;3.12641
254;3.13766;254;3.14159;254;3.13784;254;3.12643
255;3.14551;255;3.14159;255;3.13785;255;3.12644
256;3.13769;256;3.14159;256;3.13787;256;3.12646
257;3.14548;257;3.14159;257;3.13788;257;3.12647
258;3.13772;258;3.14159;258;3.1379;258;3.12649
259;3.14545;259;3.14159;259;3.13791;259;3.1265
260;3.13775;260;3.14159;260;3.13793;260;3.12651
261;3.14542;261;3.14159;261;3.13794;261;3.12653
262;3.13778;262;3.14159;262;3.13795;262;3.12654
263;3.1454;263;3.14159;263;3.13797;263;3.12656
264;3.13781;264;3.14159;264;3.13798;264;3.12657
265;3.14537;265;3.14159;265;3.13799;265;3.12658
266;3.13783;266;3.14159;266;3.13801;266;3.1266
267;3.14534;267;3.14159;267;3.13802;267;3.12661
268;3.13786;268;3.14159;268;3.13803;268;3.12662
269;3.14531;269;3.14159;269;3.13805;269;3.12664
270;3.13789;270;3.14159;270;3.13806;270;3.12665
271;3.14528;271;3.14159;271;3.13807;271;3.12666
272;3.13792;272;3.14159;272;3.13809;272;3.12668
273;3.14526;273;3.14159;273;3.1381;273;3.12669
274;3.13794;274;3.14159;274;3.13811;274;3.1267
275;3.14523;275;3.14159;275;3.13812;275;3.12672
276;3.13797;276;3.14159;276;3.13814;276;3.12673
277;3.1452;277;3.14159;277;3.13815;277;3.12674
278;3.138;278;3.14159;278;3.13816;278;3.12675
279;3.14518;279;3.14159;279;3.13817;279;3.12677
280;3.13802;280;3.14159;280;3.13819;280;3.12678
281;3.14515;281;3.14159;281;3.1382;281;3.12679
282;3.13805;282;3.14159;282;3.13821;282;3.1268
283;3.14513;283;3.14159;283;3.13822;283;3.12681
284;3.13807;284;3.14159;284;3.13823;284;3.12683
285;3.1451;285;3.14159;285;3.13825;285;3.12684
286;3.1381;286;3.14159;286;3.13826;286;3.12685
287;3.14508;287;3.14159;287;3.13827;287;3.12686
288;3.13812;288;3.14159;288;3.13828;288;3.12687
289;3.14505;289;3.14159;289;3.13829;289;3.12688
290;3.13815;290;3.14159;290;3.1383;290;3.1269
291;3.14503;291;3.14159;291;3.13832;291;3.12691
292;3.13817;292;3.14159;292;3.13833;292;3.12692
293;3.14501;293;3.14159;293;3.13834;293;3.12693
294;3.13819;294;3.14159;294;3.13835;294;3.12694
295;3.14498;295;3.14159;295;3.13836;295;3.12695
296;3.13822;296;3.14159;296;3.13837;296;3.12696
297;3.14496;297;3.14159;297;3.13838;297;3.12697
298;3.13824;298;3.14159;298;3.13839;298;3.12698
299;3.14494;299;3.14159;299;3.1384;299;3.12699
300;3.13826;300;3.14159;300;3.13841;300;3.12701
301;3.14492;301;3.14159;301;3.13842;301;3.12702
302;3.13828;302;3.14159;302;3.13843;302;3.12703
303;3.14489;303;3.14159;303;3.13844;303;3.12704
304;3.1383;304;3.14159;304;3.13846;304;3.12705
305;3.14487;305;3.14159;305;3.13847;305;3.12706
306;3.13833;306;3.14159;306;3.13848;306;3.12707
307;3.14485;307;3.14159;307;3.13849;307;3.12708
308;3.13835;308;3.14159;308;3.1385;308;3.12709
309;3.14483;309;3.14159;309;3.13851;309;3.1271
310;3.13837;310;3.14159;310;3.13852;310;3.12711
311;3.14481;311;3.14159;311;3.13853;311;3.12712
312;3.13839;312;3.14159;312;3.13854;312;3.12713
313;3.14479;313;3.14159;313;3.13855;313;3.12714
314;3.13841;314;3.14159;314;3.13856;314;3.12715
315;3.14477;315;3.14159;315;3.13856;315;3.12716
316;3.13843;316;3.14159;316;3.13857;316;3.12717
317;3.14475;317;3.14159;317;3.13858;317;3.12718
318;3.13845;318;3.14159;318;3.13859;318;3.12719
319;3.14473;319;3.14159;319;3.1386;319;3.12719
320;3.13847;320;3.14159;320;3.13861;320;3.1272
321;3.14471;321;3.14159;321;3.13862;321;3.12721
322;3.13849;322;3.14159;322;3.13863;322;3.12722
323;3.14469;323;3.14159;323;3.13864;323;3.12723
324;3.13851;324;3.14159;324;3.13865;324;3.12724
325;3.14467;325;3.14159;325;3.13866;325;3.12725
326;3.13853;326;3.14159;326;3.13867;326;3.12726
327;3.14465;327;3.14159;327;3.13868;327;3.12727
328;3.13855;328;3.14159;328;3.13868;328;3.12728
329;3.14463;329;3.14159;329;3.13869;329;3.12729
330;3.13856;330;3.14159;330;3.1387;330;3.12729
331;3.14462;331;3.14159;331;3.13871;331;3.1273
332;3.13858;332;3.14159;332;3.13872;332;3.12731
333;3.1446;333;3.14159;333;3.13873;333;3.12732
334;3.1386;334;3.14159;334;3.13874;334;3.12733
335;3.14458;335;3.14159;335;3.13875;335;3.12734
336;3.13862;336;3.14159;336;3.13875;336;3.12735
337;3.14456;337;3.14159;337;3.13876;337;3.12735
338;3.13864;338;3.14159;338;3.13877;338;3.12736
339;3.14454;339;3.14159;339;3.13878;339;3.12737
340;3.13865;340;3.14159;340;3.13879;340;3.12738
341;3.14453;341;3.14159;341;3.1388;341;3.12739
342;3.13867;342;3.14159;342;3.1388;342;3.1274
343;3.14451;343;3.14159;343;3.13881;343;3.1274
344;3.13869;344;3.14159;344;3.13882;344;3.12741
345;3.14449;345;3.14159;345;3.13883;345;3.12742
346;3.1387;346;3.14159;346;3.13884;346;3.12743
347;3.14448;347;3.14159;347;3.13884;347;3.12744
348;3.13872;348;3.14159;348;3.13885;348;3.12744
349;3.14446;349;3.14159;349;3.13886;349;3.12745
350;3.13874;350;3.14159;350;3.13887;350;3.12746
351;3.14444;351;3.14159;351;3.13887;351;3.12747
352;3.13875;352;3.14159;352;3.13888;352;3.12748
353;3.14443;353;3.14159;353;3.13889;353;3.12748
354;3.13877;354;3.14159;354;3.1389;354;3.12749
355;3.14441;355;3.14159;355;3.13891;355;3.1275
356;3.13878;356;3.14159;356;3.13891;356;3.12751
357;3.14439;357;3.14159;357;3.13892;357;3.12751
358;3.1388;358;3.14159;358;3.13893;358;3.12752
359;3.14438;359;3.14159;359;3.13894;359;3.12753
360;3.13882;360;3.14159;360;3.13894;360;3.12754
361;3.14436;361;3.14159;361;3.13895;361;3.12754
362;3.13883;362;3.14159;362;3.13896;362;3.12755
363;3.14435;363;3.14159;363;3.13896;363;3.12756
364;3.13885;364;3.14159;364;3.13897;364;3.12757
365;3.14433;365;3.14159;365;3.13898;365;3.12757
366;3.13886;366;3.14159;366;3.13899;366;3.12758
367;3.14432;367;3.14159;367;3.13899;367;3.12759
368;3.13888;368;3.14159;368;3.139;368;3.12759
369;3.1443;369;3.14159;369;3.13901;369;3.1276
370;3.13889;370;3.14159;370;3.13901;370;3.12761
371;3.14429;371;3.14159;371;3.13902;371;3.12761
372;3.13891;372;3.14159;372;3.13903;372;3.12762
373;3.14427;373;3.14159;373;3.13903;373;3.12763
374;3.13892;374;3.14159;374;3.13904;374;3.12764
375;3.14426;375;3.14159;375;3.13905;375;3.12764
376;3.13893;376;3.14159;376;3.13906;376;3.12765
377;3.14425;377;3.14159;377;3.13906;377;3.12766
378;3.13895;378;3.14159;378;3.13907;378;3.12766
379;3.14423;379;3.14159;379;3.13908;379;3.12767
380;3.13896;380;3.14159;380;3.13908;380;3.12768
381;3.14422;381;3.14159;381;3.13909;381;3.12768
382;3.13898;382;3.14159;382;3.1391;382;3.12769
383;3.1442;383;3.14159;383;3.1391;383;3.1277
384;3.13899;384;3.14159;384;3.13911;384;3.1277
385;3.14419;385;3.14159;385;3.13911;385;3.12771
386;3.139;386;3.14159;386;3.13912;386;3.12772
387;3.14418;387;3.14159;387;3.13913;387;3.12772
388;3.13902;388;3.14159;388;3.13913;388;3.12773
389;3.14416;389;3.14159;389;3.13914;389;3.12773
390;3.13903;390;3.14159;390;3.13915;390;3.12774
391;3.14415;391;3.14159;391;3.13915;391;3.12775
392;3.13904;392;3.14159;392;3.13916;392;3.12775
393;3.14414;393;3.14159;393;3.13916;393;3.12776
394;3.13906;394;3.14159;394;3.13917;394;3.12777
395;3.14413;395;3.14159;395;3.13918;395;3.12777
396;3.13907;396;3.14159;396;3.13918;396;3.12778
397;3.14411;397;3.14159;397;3.13919;397;3.12778
398;3.13908;398;3.14159;398;3.1392;398;3.12779
399;3.1441;399;3.14159;399;3.1392;399;3.1278
400;3.13909;400;3.14159;400;3.13921;400;3.1278
401;3.14409;401;3.14159;401;3.13921;401;3.12781
402;3.13911;402;3.14159;402;3.13922;402;3.12781
403;3.14407;403;3.14159;403;3.13923;403;3.12782
404;3.13912;404;3.14159;404;3.13923;404;3.12783
405;3.14406;405;3.14159;405;3.13924;405;3.12783
406;3.13913;406;3.14159;406;3.13924;406;3.12784
407;3.14405;407;3.14159;407;3.13925;407;3.12784
408;3.13914;408;3.14159;408;3.13925;408;3.12785
409;3.14404;409;3.14159;409;3.13926;409;3.12785
410;3.13915;410;3.14159;410;3.13927;410;3.12786
411;3.14403;411;3.14159;411;3.13927;411;3.12787
412;3.13917;412;3.14159;412;3.13928;412;3.12787
413;3.14401;413;3.14159;413;3.13928;413;3.12788
414;3.13918;414;3.14159;414;3.13929;414;3.12788
415;3.144;415;3.14159;415;3.13929;415;3.12789
416;3.13919;416;3.14159;416;3.1393;416;3.12789
417;3.14399;417;3.14159;417;3.1393;417;3.1279
418;3.1392;418;3.14159;418;3.13931;418;3.1279
419;3.14398;419;3.14159;419;3.13932;419;3.12791
420;3.13921;420;3.14159;420;3.13932;420;3.12792
421;3.14397;421;3.14159;421;3.13933;421;3.12792
422;3.13922;422;3.14159;422;3.13933;422;3.12793
423;3.14396;423;3.14159;423;3.13934;423;3.12793
424;3.13923;424;3.14159;424;3.13934;424;3.12794
425;3.14395;425;3.14159;425;3.13935;425;3.12794
426;3.13925;426;3.14159;426;3.13935;426;3.12795
427;3.14393;427;3.14159;427;3.13936;427;3.12795
428;3.13926;428;3.14159;428;3.13936;428;3.12796
429;3.14392;429;3.14159;429;3.13937;429;3.12796
430;3.13927;430;3.14159;430;3.13937;430;3.12797
431;3.14391;431;3.14159;431;3.13938;431;3.12797
432;3.13928;432;3.14159;432;3.13938;432;3.12798
433;3.1439;433;3.14159;433;3.13939;433;3.12798
434;3.13929;434;3.14159;434;3.13939;434;3.12799
435;3.14389;435;3.14159;435;3.1394;435;3.12799
436;3.1393;436;3.14159;436;3.1394;436;3.128
437;3.14388;437;3.14159;437;3.13941;437;3.128
438;3.13931;438;3.14159;438;3.13941;438;3.12801
439;3.14387;439;3.14159;439;3.13942;439;3.12801
440;3.13932;440;3.14159;440;3.13942;440;3.12802
441;3.14386;441;3.14159;441;3.13943;441;3.12802
442;3.13933;442;3.14159;442;3.13943;442;3.12803
443;3.14385;443;3.14159;443;3.13944;443;3.12803
444;3.13934;444;3.14159;444;3.13944;444;3.12804
445;3.14384;445;3.14159;445;3.13945;445;3.12804
446;3.13935;446;3.14159;446;3.13945;446;3.12805
447;3.14383;447;3.14159;447;3.13946;447;3.12805
448;3.13936;448;3.14159;448;3.13946;448;3.12806
449;3.14382;449;3.14159;449;3.13947;449;3.12806
450;3.13937;450;3.14159;450;3.13947;450;3.12807
451;3.14381;451;3.14159;451;3.13948;451;3.12807
452;3.13938;452;3.14159;452;3.13948;452;3.12808
453;3.1438;453;3.14159;453;3.13949;453;3.12808
454;3.13939;454;3.14159;454;3.13949;454;3.12809
455;3.14379;455;3.14159;455;3.1395;455;3.12809
456;3.1394;456;3.14159;456;3.1395;456;3.1281
457;3.14378;457;3.14159;457;3.1395;457;3.1281
458;3.13941;458;3.14159;458;3.13951;458;3.1281
459;3.14377;459;3.14159;459;3.13951;459;3.12811
460;3.13942;460;3.14159;460;3.13952;460;3.12811
461;3.14376;461;3.14159;461;3.13952;461;3.12812
462;3.13943;462;3.14159;462;3.13953;462;3.12812
463;3.14375;463;3.14159;463;3.13953;463;3.12813
464;3.13944;464;3.14159;464;3.13954;464;3.12813
465;3.14374;465;3.14159;465;3.13954;465;3.12814
466;3.13945;466;3.14159;466;3.13954;466;3.12814
467;3.14373;467;3.14159;467;3.13955;467;3.12814
468;3.13946;468;3.14159;468;3.13955;468;3.12815
469;3.14373;469;3.14159;469;3.13956;469;3.12815
470;3.13947;470;3.14159;470;3.13956;470;3.12816
471;3.14372;471;3.14159;471;3.13957;471;3.12816
472;3.13947;472;3.14159;472;3.13957;472;3.12817
473;3.14371;473;3.14159;473;3.13958;473;3.12817
474;3.13948;474;3.14159;474;3.13958;474;3.12818
475;3.1437;475;3.14159;475;3.13958;475;3.12818
476;3.13949;476;3.14159;476;3.13959;476;3.12818
477;3.14369;477;3.14159;477;3.13959;477;3.12819
478;3.1395;478;3.14159;478;3.1396;478;3.12819
479;3.14368;479;3.14159;479;3.1396;479;3.1282
480;3.13951;480;3.14159;480;3.1396;480;3.1282
481;3.14367;481;3.14159;481;3.13961;481;3.1282
482;3.13952;482;3.14159;482;3.13961;482;3.12821
483;3.14366;483;3.14159;483;3.13962;483;3.12821
484;3.13953;484;3.14159;484;3.13962;484;3.12822
485;3.14366;485;3.14159;485;3.13962;485;3.12822
486;3.13954;486;3.14159;486;3.13963;486;3.12823
487;3.14365;487;3.14159;487;3.13963;487;3.12823
488;3.13954;488;3.14159;488;3.13964;488;3.12823
489;3.14364;489;3.14159;489;3.13964;489;3.12824
490;3.13955;490;3.14159;490;3.13964;490;3.12824
491;3.14363;491;3.14159;491;3.13965;491;3.12825
492;3.13956;492;3.14159;492;3.13965;492;3.12825
493;3.14362;493;3.14159;493;3.13966;493;3.12825
494;3.13957;494;3.14159;494;3.13966;494;3.12826
495;3.14361;495;3.14159;495;3.13966;495;3.12826
496;3.13958;496;3.14159;496;3.13967;496;3.12826
497;3.14361;497;3.14159;497;3.13967;497;3.12827
498;3.13959;498;3.14159;498;3.13968;498;3.12827
499;3.1436;499;3.14159;499;3.13968;499;3.12828
500;3.13959;500;3.14159;500;3.13968;500;3.12828
501;3.14359;501;3.14159;501;3.13969;501;3.12828
502;3.1396;502;3.14159;502;3.13969;502;3.12829
503;3.14358;503;3.14159;503;3.1397;503;3.12829
504;3.13961;504;3.14159;504;3.1397;504;3.1283
505;3.14357;505;3.14159;505;3.1397;505;3.1283
506;3.13962;506;3.14159;506;3.13971;506;3.1283
507;3.14357;507;3.14159;507;3.13971;507;3.12831
508;3.13962;508;3.14159;508;3.13971;508;3.12831
509;3.14356;509;3.14159;509;3.13972;509;3.12831
510;3.13963;510;3.14159;510;3.13972;510;3.12832
511;3.14355;511;3.14159;511;3.13973;511;3.12832
512;3.13964;512;3.14159;512;3.13973;512;3.12833
513;3.14354;513;3.14159;513;3.13973;513;3.12833
514;3.13965;514;3.14159;514;3.13974;514;3.12833
515;3.14354;515;3.14159;515;3.13974;515;3.12834
516;3.13966;516;3.14159;516;3.13974;516;3.12834
517;3.14353;517;3.14159;517;3.13975;517;3.12834
518;3.13966;518;3.14159;518;3.13975;518;3.12835
519;3.14352;519;3.14159;519;3.13975;519;3.12835
520;3.13967;520;3.14159;520;3.13976;520;3.12835
521;3.14351;521;3.14159;521;3.13976;521;3.12836
522;3.13968;522;3.14159;522;3.13976;522;3.12836
523;3.14351;523;3.14159;523;3.13977;523;3.12836
524;3.13968;524;3.14159;524;3.13977;524;3.12837
525;3.1435;525;3.14159;525;3.13978;525;3.12837
526;3.13969;526;3.14159;526;3.13978;526;3.12838
527;3.14349;527;3.14159;527;3.13978;527;3.12838
528;3.1397;528;3.14159;528;3.13979;528;3.12838
529;3.14348;529;3.14159;529;3.13979;529;3.12839
530;3.13971;530;3.14159;530;3.13979;530;3.12839
531;3.14348;531;3.14159;531;3.1398;531;3.12839
532;3.13971;532;3.14159;532;3.1398;532;3.1284
533;3.14347;533;3.14159;533;3.1398;533;3.1284
534;3.13972;534;3.14159;534;3.13981;534;3.1284
535;3.14346;535;3.14159;535;3.13981;535;3.12841
536;3.13973;536;3.14159;536;3.13981;536;3.12841
537;3.14346;537;3.14159;537;3.13982;537;3.12841
538;3.13973;538;3.14159;538;3.13982;538;3.12842
539;3.14345;539;3.14159;539;3.13982;539;3.12842
540;3.13974;540;3.14159;540;3.13983;540;3.12842
541;3.14344;541;3.14159;541;3.13983;541;3.12843
542;3.13975;542;3.14159;542;3.13983;542;3.12843
543;3.14343;543;3.14159;543;3.13984;543;3.12843
544;3.13976;544;3.14159;544;3.13984;544;3.12844
545;3.14343;545;3.14159;545;3.13984;545;3.12844
546;3.13976;546;3.14159;546;3.13984;546;3.12844
547;3.14342;547;3.14159;547;3.13985;547;3.12844
548;3.13977;548;3.14159;548;3.13985;548;3.12845
549;3.14341;549;3.14159;549;3.13985;549;3.12845
550;3.13978;550;3.14159;550;3.13986;550;3.12845
551;3.14341;551;3.14159;551;3.13986;551;3.12846
552;3.13978;552;3.14159;552;3.13986;552;3.12846
553;3.1434;553;3.14159;553;3.13987;553;3.12846
554;3.13979;554;3.14159;554;3.13987;554;3.12847
555;3.14339;555;3.14159;555;3.13987;555;3.12847
556;3.13979;556;3.14159;556;3.13988;556;3.12847
557;3.14339;557;3.14159;557;3.13988;557;3.12848
558;3.1398;558;3.14159;558;3.13988;558;3.12848
559;3.14338;559;3.14159;559;3.13989;559;3.12848
560;3.13981;560;3.14159;560;3.13989;560;3.12849
561;3.14338;561;3.14159;561;3.13989;561;3.12849
562;3.13981;562;3.14159;562;3.13989;562;3.12849
563;3.14337;563;3.14159;563;3.1399;563;3.12849
564;3.13982;564;3.14159;564;3.1399;564;3.1285
565;3.14336;565;3.14159;565;3.1399;565;3.1285
566;3.13983;566;3.14159;566;3.13991;566;3.1285
567;3.14336;567;3.14159;567;3.13991;567;3.12851
568;3.13983;568;3.14159;568;3.13991;568;3.12851
569;3.14335;569;3.14159;569;3.13992;569;3.12851
570;3.13984;570;3.14159;570;3.13992;570;3.12852
571;3.14334;571;3.14159;571;3.13992;571;3.12852
572;3.13984;572;3.14159;572;3.13992;572;3.12852
573;3.14334;573;3.14159;573;3.13993;573;3.12852
574;3.13985;574;3.14159;574;3.13993;574;3.12853
575;3.14333;575;3.14159;575;3.13993;575;3.12853
576;3.13986;576;3.14159;576;3.13994;576;3.12853
577;3.14333;577;3.14159;577;3.13994;577;3.12854
578;3.13986;578;3.14159;578;3.13994;578;3.12854
579;3.14332;579;3.14159;579;3.13994;579;3.12854
580;3.13987;580;3.14159;580;3.13995;580;3.12854
581;3.14331;581;3.14159;581;3.13995;581;3.12855
582;3.13987;582;3.14159;582;3.13995;582;3.12855
583;3.14331;583;3.14159;583;3.13996;583;3.12855
584;3.13988;584;3.14159;584;3.13996;584;3.12856
585;3.1433;585;3.14159;585;3.13996;585;3.12856
586;3.13989;586;3.14159;586;3.13996;586;3.12856
587;3.1433;587;3.14159;587;3.13997;587;3.12856
588;3.13989;588;3.14159;588;3.13997;588;3.12857
589;3.14329;589;3.14159;589;3.13997;589;3.12857
590;3.1399;590;3.14159;590;3.13998;590;3.12857
591;3.14329;591;3.14159;591;3.13998;591;3.12858
592;3.1399;592;3.14159;592;3.13998;592;3.12858
593;3.14328;593;3.14159;593;3.13998;593;3.12858
594;3.13991;594;3.14159;594;3.13999;594;3.12858
595;3.14327;595;3.14159;595;3.13999;595;3.12859
596;3.13992;596;3.14159;596;3.13999;596;3.12859
597;3.14327;597;3.14159;597;3.13999;597;3.12859
598;3.13992;598;3.14159;598;3.14;598;3.12859
599;3.14326;599;3.14159;599;3.14;599;3.1286
600;3.13993;600;3.14159;600;3.14;600;3.1286
601;3.14326;601;3.14159;601;3.14;601;3.1286
602;3.13993;602;3.14159;602;3.14001;602;3.1286
603;3.14325;603;3.14159;603;3.14001;603;3.12861
604;3.13994;604;3.14159;604;3.14001;604;3.12861
605;3.14325;605;3.14159;605;3.14002;605;3.12861
606;3.13994;606;3.14159;606;3.14002;606;3.12862
607;3.14324;607;3.14159;607;3.14002;607;3.12862
608;3.13995;608;3.14159;608;3.14002;608;3.12862
609;3.14323;609;3.14159;609;3.14003;609;3.12862
610;3.13995;610;3.14159;610;3.14003;610;3.12863
611;3.14323;611;3.14159;611;3.14003;611;3.12863
612;3.13996;612;3.14159;612;3.14003;612;3.12863
613;3.14322;613;3.14159;613;3.14004;613;3.12863
614;3.13996;614;3.14159;614;3.14004;614;3.12864
615;3.14322;615;3.14159;615;3.14004;615;3.12864
616;3.13997;616;3.14159;616;3.14004;616;3.12864
617;3.14321;617;3.14159;617;3.14005;617;3.12864
618;3.13998;618;3.14159;618;3.14005;618;3.12865
619;3.14321;619;3.14159;619;3.14005;619;3.12865
620;3.13998;620;3.14159;620;3.14005;620;3.12865
621;3.1432;621;3.14159;621;3.14006;621;3.12865
622;3.13999;622;3.14159;622;3.14006;622;3.12866
623;3.1432;623;3.14159;623;3.14006;623;3.12866
624;3.13999;624;3.14159;624;3.14006;624;3.12866
625;3.14319;625;3.14159;625;3.14007;625;3.12866
626;3.14;626;3.14159;626;3.14007;626;3.12867
627;3.14319;627;3.14159;627;3.14007;627;3.12867
628;3.14;628;3.14159;628;3.14007;628;3.12867
629;3.14318;629;3.14159;629;3.14008;629;3.12867
630;3.14001;630;3.14159;630;3.14008;630;3.12868
631;3.14318;631;3.14159;631;3.14008;631;3.12868
632;3.14001;632;3.14159;632;3.14008;632;3.12868
633;3.14317;633;3.14159;633;3.14008;633;3.12868
634;3.14002;634;3.14159;634;3.14009;634;3.12868
635;3.14317;635;3.14159;635;3.14009;635;3.12869
636;3.14002;636;3.14159;636;3.14009;636;3.12869
637;3.14316;637;3.14159;637;3.14009;637;3.12869
638;3.14003;638;3.14159;638;3.1401;638;3.12869
639;3.14316;639;3.14159;639;3.1401;639;3.1287
640;3.14003;640;3.14159;640;3.1401;640;3.1287
641;3.14315;641;3.14159;641;3.1401;641;3.1287
642;3.14004;642;3.14159;642;3.14011;642;3.1287
643;3.14315;643;3.14159;643;3.14011;643;3.12871
644;3.14004;644;3.14159;644;3.14011;644;3.12871
645;3.14314;645;3.14159;645;3.14011;645;3.12871
646;3.14005;646;3.14159;646;3.14012;646;3.12871
647;3.14314;647;3.14159;647;3.14012;647;3.12872
648;3.14005;648;3.14159;648;3.14012;648;3.12872
649;3.14313;649;3.14159;649;3.14012;649;3.12872
650;3.14005;650;3.14159;650;3.14012;650;3.12872
651;3.14313;651;3.14159;651;3.14013;651;3.12872
652;3.14006;652;3.14159;652;3.14013;652;3.12873
653;3.14312;653;3.14159;653;3.14013;653;3.12873
654;3.14006;654;3.14159;654;3.14013;654;3.12873
655;3.14312;655;3.14159;655;3.14014;655;3.12873
656;3.14007;656;3.14159;656;3.14014;656;3.12874
657;3.14312;657;3.14159;657;3.14014;657;3.12874
658;3.14007;658;3.14159;658;3.14014;658;3.12874
659;3.14311;659;3.14159;659;3.14014;659;3.12874
660;3.14008;660;3.14159;660;3.14015;660;3.12874
661;3.14311;661;3.14159;661;3.14015;661;3.12875
662;3.14008;662;3.14159;662;3.14015;662;3.12875
663;3.1431;663;3.14159;663;3.14015;663;3.12875
664;3.14009;664;3.14159;664;3.14016;664;3.12875
665;3.1431;665;3.14159;665;3.14016;665;3.12876
666;3.14009;666;3.14159;666;3.14016;666;3.12876
667;3.14309;667;3.14159;667;3.14016;667;3.12876
668;3.1401;668;3.14159;668;3.14016;668;3.12876
669;3.14309;669;3.14159;669;3.14017;669;3.12876
670;3.1401;670;3.14159;670;3.14017;670;3.12877
671;3.14308;671;3.14159;671;3.14017;671;3.12877
672;3.14011;672;3.14159;672;3.14017;672;3.12877
673;3.14308;673;3.14159;673;3.14017;673;3.12877
674;3.14011;674;3.14159;674;3.14018;674;3.12877
675;3.14308;675;3.14159;675;3.14018;675;3.12878
676;3.14011;676;3.14159;676;3.14018;676;3.12878
677;3.14307;677;3.14159;677;3.14018;677;3.12878
678;3.14012;678;3.14159;678;3.14018;678;3.12878
679;3.14307;679;3.14159;679;3.14019;679;3.12879
680;3.14012;680;3.14159;680;3.14019;680;3.12879
681;3.14306;681;3.14159;681;3.14019;681;3.12879
682;3.14013;682;3.14159;682;3.14019;682;3.12879
683;3.14306;683;3.14159;683;3.1402;683;3.12879
684;3.14013;684;3.14159;684;3.1402;684;3.1288
685;3.14305;685;3.14159;685;3.1402;685;3.1288
686;3.14014;686;3.14159;686;3.1402;686;3.1288
687;3.14305;687;3.14159;687;3.1402;687;3.1288
688;3.14014;688;3.14159;688;3.14021;688;3.1288
689;3.14304;689;3.14159;689;3.14021;689;3.12881
690;3.14014;690;3.14159;690;3.14021;690;3.12881
691;3.14304;691;3.14159;691;3.14021;691;3.12881
692;3.14015;692;3.14159;692;3.14021;692;3.12881
693;3.14304;693;3.14159;693;3.14022;693;3.12881
694;3.14015;694;3.14159;694;3.14022;694;3.12882
695;3.14303;695;3.14159;695;3.14022;695;3.12882
696;3.14016;696;3.14159;696;3.14022;696;3.12882
697;3.14303;697;3.14159;697;3.14022;697;3.12882
698;3.14016;698;3.14159;698;3.14023;698;3.12882
699;3.14302;699;3.14159;699;3.14023;699;3.12883
700;3.14017;700;3.14159;700;3.14023;700;3.12883
701;3.14302;701;3.14159;701;3.14023;701;3.12883
702;3.14017;702;3.14159;702;3.14023;702;3.12883
703;3.14302;703;3.14159;703;3.14023;703;3.12883
704;3.14017;704;3.14159;704;3.14024;704;3.12884
705;3.14301;705;3.14159;705;3.14024;705;3.12884
706;3.14018;706;3.14159;706;3.14024;706;3.12884
707;3.14301;707;3.14159;707;3.14024;707;3.12884
708;3.14018;708;3.14159;708;3.14024;708;3.12884
709;3.143;709;3.14159;709;3.14025;709;3.12884
710;3.14019;710;3.14159;710;3.14025;710;3.12885
711;3.143;711;3.14159;711;3.14025;711;3.12885
712;3.14019;712;3.14159;712;3.14025;712;3.12885
713;3.143;713;3.14159;713;3.14025;713;3.12885
714;3.14019;714;3.14159;714;3.14026;714;3.12885
715;3.14299;715;3.14159;715;3.14026;715;3.12886
716;3.1402;716;3.14159;716;3.14026;716;3.12886
717;3.14299;717;3.14159;717;3.14026;717;3.12886
718;3.1402;718;3.14159;718;3.14026;718;3.12886
719;3.14298;719;3.14159;719;3.14027;719;3.12886
720;3.14021;720;3.14159;720;3.14027;720;3.12887
721;3.14298;721;3.14159;721;3.14027;721;3.12887
722;3.14021;722;3.14159;722;3.14027;722;3.12887
723;3.14298;723;3.14159;723;3.14027;723;3.12887
724;3.14021;724;3.14159;724;3.14027;724;3.12887
725;3.14297;725;3.14159;725;3.14028;725;3.12887
726;3.14022;726;3.14159;726;3.14028;726;3.12888
727;3.14297;727;3.14159;727;3.14028;727;3.12888
728;3.14022;728;3.14159;728;3.14028;728;3.12888
729;3.14297;729;3.14159;729;3.14028;729;3.12888
730;3.14022;730;3.14159;730;3.14029;730;3.12888
731;3.14296;731;3.14159;731;3.14029;731;3.12889
732;3.14023;732;3.14159;732;3.14029;732;3.12889
733;3.14296;733;3.14159;733;3.14029;733;3.12889
734;3.14023;734;3.14159;734;3.14029;734;3.12889
735;3.14295;735;3.14159;735;3.14029;735;3.12889
736;3.14024;736;3.14159;736;3.1403;736;3.12889
737;3.14295;737;3.14159;737;3.1403;737;3.1289
738;3.14024;738;3.14159;738;3.1403;738;3.1289
739;3.14295;739;3.14159;739;3.1403;739;3.1289
740;3.14024;740;3.14159;740;3.1403;740;3.1289
741;3.14294;741;3.14159;741;3.1403;741;3.1289
742;3.14025;742;3.14159;742;3.14031;742;3.1289
743;3.14294;743;3.14159;743;3.14031;743;3.12891
744;3.14025;744;3.14159;744;3.14031;744;3.12891
745;3.14294;745;3.14159;745;3.14031;745;3.12891
746;3.14025;746;3.14159;746;3.14031;746;3.12891
747;3.14293;747;3.14159;747;3.14031;747;3.12891
748;3.14026;748;3.14159;748;3.14032;748;3.12892
749;3.14293;749;3.14159;749;3.14032;749;3.12892
750;3.14026;750;3.14159;750;3.14032;750;3.12892
751;3.14293;751;3.14159;751;3.14032;751;3.12892
752;3.14026;752;3.14159;752;3.14032;752;3.12892
753;3.14292;753;3.14159;753;3.14033;753;3.12892
754;3.14027;754;3.14159;754;3.14033;754;3.12893
755;3.14292;755;3.14159;755;3.14033;755;3.12893
756;3.14027;756;3.14159;756;3.14033;756;3.12893
757;3.14292;757;3.14159;757;3.14033;757;3.12893
758;3.14028;758;3.14159;758;3.14033;758;3.12893
759;3.14291;759;3.14159;759;3.14034;759;3.12893
760;3.14028;760;3.14159;760;3.14034;760;3.12894
761;3.14291;761;3.14159;761;3.14034;761;3.12894
762;3.14028;762;3.14159;762;3.14034;762;3.12894
763;3.1429;763;3.14159;763;3.14034;763;3.12894
764;3.14029;764;3.14159;764;3.14034;764;3.12894
765;3.1429;765;3.14159;765;3.14035;765;3.12894
766;3.14029;766;3.14159;766;3.14035;766;3.12895
767;3.1429;767;3.14159;767;3.14035;767;3.12895
768;3.14029;768;3.14159;768;3.14035;768;3.12895
769;3.14289;769;3.14159;769;3.14035;769;3.12895
770;3.1403;770;3.14159;770;3.14035;770;3.12895
771;3.14289;771;3.14159;771;3.14035;771;3.12895
772;3.1403;772;3.14159;772;3.14036;772;3.12896
773;3.14289;773;3.14159;773;3.14036;773;3.12896
774;3.1403;774;3.14159;774;3.14036;774;3.12896
775;3.14288;775;3.14159;775;3.14036;775;3.12896
776;3.14031;776;3.14159;776;3.14036;776;3.12896
777;3.14288;777;3.14159;777;3.14036;777;3.12896
778;3.14031;778;3.14159;778;3.14037;778;3.12896
779;3.14288;779;3.14159;779;3.14037;779;3.12897
780;3.14031;780;3.14159;780;3.14037;780;3.12897
781;3.14287;781;3.14159;781;3.14037;781;3.12897
782;3.14032;782;3.14159;782;3.14037;782;3.12897
783;3.14287;783;3.14159;783;3.14037;783;3.12897
784;3.14032;784;3.14159;784;3.14038;784;3.12897
785;3.14287;785;3.14159;785;3.14038;785;3.12898
786;3.14032;786;3.14159;786;3.14038;786;3.12898
787;3.14286;787;3.14159;787;3.14038;787;3.12898
788;3.14033;788;3.14159;788;3.14038;788;3.12898
789;3.14286;789;3.14159;789;3.14038;789;3.12898
790;3.14033;790;3.14159;790;3.14038;790;3.12898
791;3.14286;791;3.14159;791;3.14039;791;3.12898
792;3.14033;792;3.14159;792;3.14039;792;3.12899
793;3.14286;793;3.14159;793;3.14039;793;3.12899
794;3.14033;794;3.14159;794;3.14039;794;3.12899
795;3.14285;795;3.14159;795;3.14039;795;3.12899
796;3.14034;796;3.14159;796;3.14039;796;3.12899
797;3.14285;797;3.14159;797;3.14039;797;3.12899
798;3.14034;798;3.14159;798;3.1404;798;3.129
799;3.14285;799;3.14159;799;3.1404;799;3.129
800;3.14034;800;3.14159;800;3.1404;800;3.129
801;3.14284;801;3.14159;801;3.1404;801;3.129
802;3.14035;802;3.14159;802;3.1404;802;3.129
803;3.14284;803;3.14159;803;3.1404;803;3.129
804;3.14035;804;3.14159;804;3.14041;804;3.129
805;3.14284;805;3.14159;805;3.14041;805;3.12901
806;3.14035;806;3.14159;806;3.14041;806;3.12901
807;3.14283;807;3.14159;807;3.14041;807;3.12901
808;3.14036;808;3.14159;808;3.14041;808;3.12901
809;3.14283;809;3.14159;809;3.14041;809;3.12901
810;3.14036;810;3.14159;810;3.14041;810;3.12901
811;3.14283;811;3.14159;811;3.14042;811;3.12901
812;3.14036;812;3.14159;812;3.14042;812;3.12902
813;3.14282;813;3.14159;813;3.14042;813;3.12902
814;3.14037;814;3.14159;814;3.14042;814;3.12902
815;3.14282;815;3.14159;815;3.14042;815;3.12902
816;3.14037;816;3.14159;816;3.14042;816;3.12902
817;3.14282;817;3.14159;817;3.14042;817;3.12902
818;3.14037;818;3.14159;818;3.14043;818;3.12903
819;3.14282;819;3.14159;819;3.14043;819;3.12903
820;3.14037;820;3.14159;820;3.14043;820;3.12903
821;3.14281;821;3.14159;821;3.14043;821;3.12903
822;3.14038;822;3.14159;822;3.14043;822;3.12903
823;3.14281;823;3.14159;823;3.14043;823;3.12903
824;3.14038;824;3.14159;824;3.14043;824;3.12903
825;3.14281;825;3.14159;825;3.14044;825;3.12903
826;3.14038;826;3.14159;826;3.14044;826;3.12904
827;3.1428;827;3.14159;827;3.14044;827;3.12904
828;3.14039;828;3.14159;828;3.14044;828;3.12904
829;3.1428;829;3.14159;829;3.14044;829;3.12904
830;3.14039;830;3.14159;830;3.14044;830;3.12904
831;3.1428;831;3.14159;831;3.14044;831;3.12904
832;3.14039;832;3.14159;832;3.14045;832;3.12904
833;3.14279;833;3.14159;833;3.14045;833;3.12905
834;3.1404;834;3.14159;834;3.14045;834;3.12905
835;3.14279;835;3.14159;835;3.14045;835;3.12905
836;3.1404;836;3.14159;836;3.14045;836;3.12905
837;3.14279;837;3.14159;837;3.14045;837;3.12905
838;3.1404;838;3.14159;838;3.14045;838;3.12905
839;3.14279;839;3.14159;839;3.14046;839;3.12905
840;3.1404;840;3.14159;840;3.14046;840;3.12906
841;3.14278;841;3.14159;841;3.14046;841;3.12906
842;3.14041;842;3.14159;842;3.14046;842;3.12906
843;3.14278;843;3.14159;843;3.14046;843;3.12906
844;3.14041;844;3.14159;844;3.14046;844;3.12906
845;3.14278;845;3.14159;845;3.14046;845;3.12906
846;3.14041;846;3.14159;846;3.14046;846;3.12906
847;3.14278;847;3.14159;847;3.14047;847;3.12907
848;3.14042;848;3.14159;848;3.14047;848;3.12907
849;3.14277;849;3.14159;849;3.14047;849;3.12907
850;3.14042;850;3.14159;850;3.14047;850;3.12907
851;3.14277;851;3.14159;851;3.14047;851;3.12907
852;3.14042;852;3.14159;852;3.14047;852;3.12907
853;3.14277;853;3.14159;853;3.14047;853;3.12907
854;3.14042;854;3.14159;854;3.14048;854;3.12907
855;3.14276;855;3.14159;855;3.14048;855;3.12908
856;3.14043;856;3.14159;856;3.14048;856;3.12908
857;3.14276;857;3.14159;857;3.14048;857;3.12908
858;3.14043;858;3.14159;858;3.14048;858;3.12908
859;3.14276;859;3.14159;859;3.14048;859;3.12908
860;3.14043;860;3.14159;860;3.14048;860;3.12908
861;3.14276;861;3.14159;861;3.14048;861;3.12908
862;3.14043;862;3.14159;862;3.14049;862;3.12908
863;3.14275;863;3.14159;863;3.14049;863;3.12909
864;3.14044;864;3.14159;864;3.14049;864;3.12909
865;3.14275;865;3.14159;865;3.14049;865;3.12909
866;3.14044;866;3.14159;866;3.14049;866;3.12909
867;3.14275;867;3.14159;867;3.14049;867;3.12909
868;3.14044;868;3.14159;868;3.14049;868;3.12909
869;3.14274;869;3.14159;869;3.14049;869;3.12909
870;3.14044;870;3.14159;870;3.1405;870;3.12909
871;3.14274;871;3.14159;871;3.1405;871;3.1291
872;3.14045;872;3.14159;872;3.1405;872;3.1291
873;3.14274;873;3.14159;873;3.1405;873;3.1291
874;3.14045;874;3.14159;874;3.1405;874;3.1291
875;3.14274;875;3.14159;875;3.1405;875;3.1291
876;3.14045;876;3.14159;876;3.1405;876;3.1291
877;3.14273;877;3.14159;877;3.1405;877;3.1291
878;3.14046;878;3.14159;878;3.14051;878;3.1291
879;3.14273;879;3.14159;879;3.14051;879;3.12911
880;3.14046;880;3.14159;880;3.14051;880;3.12911
881;3.14273;881;3.14159;881;3.14051;881;3.12911
882;3.14046;882;3.14159;882;3.14051;882;3.12911
883;3.14273;883;3.14159;883;3.14051;883;3.12911
884;3.14046;884;3.14159;884;3.14051;884;3.12911
885;3.14272;885;3.14159;885;3.14051;885;3.12911
886;3.14047;886;3.14159;886;3.14052;886;3.12911
887;3.14272;887;3.14159;887;3.14052;887;3.12912
888;3.14047;888;3.14159;888;3.14052;888;3.12912
889;3.14272;889;3.14159;889;3.14052;889;3.12912
890;3.14047;890;3.14159;890;3.14052;890;3.12912
891;3.14272;891;3.14159;891;3.14052;891;3.12912
892;3.14047;892;3.14159;892;3.14052;892;3.12912
893;3.14271;893;3.14159;893;3.14052;893;3.12912
894;3.14048;894;3.14159;894;3.14053;894;3.12912
895;3.14271;895;3.14159;895;3.14053;895;3.12913
896;3.14048;896;3.14159;896;3.14053;896;3.12913
897;3.14271;897;3.14159;897;3.14053;897;3.12913
898;3.14048;898;3.14159;898;3.14053;898;3.12913
899;3.14271;899;3.14159;899;3.14053;899;3.12913
900;3.14048;900;3.14159;900;3.14053;900;3.12913
901;3.1427;901;3.14159;901;3.14053;901;3.12913
902;3.14049;902;3.14159;902;3.14053;902;3.12913
903;3.1427;903;3.14159;903;3.14054;903;3.12914
904;3.14049;904;3.14159;904;3.14054;904;3.12914
905;3.1427;905;3.14159;905;3.14054;905;3.12914
906;3.14049;906;3.14159;906;3.14054;906;3.12914
907;3.1427;907;3.14159;907;3.14054;907;3.12914
908;3.14049;908;3.14159;908;3.14054;908;3.12914
909;3.14269;909;3.14159;909;3.14054;909;3.12914
910;3.14049;910;3.14159;910;3.14054;910;3.12914
911;3.14269;911;3.14159;911;3.14054;911;3.12914
912;3.1405;912;3.14159;912;3.14055;912;3.12915
913;3.14269;913;3.14159;913;3.14055;913;3.12915
914;3.1405;914;3.14159;914;3.14055;914;3.12915
915;3.14269;915;3.14159;915;3.14055;915;3.12915
916;3.1405;916;3.14159;916;3.14055;916;3.12915
917;3.14268;917;3.14159;917;3.14055;917;3.12915
918;3.1405;918;3.14159;918;3.14055;918;3.12915
919;3.14268;919;3.14159;919;3.14055;919;3.12915
920;3.14051;920;3.14159;920;3.14055;920;3.12915
921;3.14268;921;3.14159;921;3.14056;921;3.12916
922;3.14051;922;3.14159;922;3.14056;922;3.12916
923;3.14268;923;3.14159;923;3.14056;923;3.12916
924;3.14051;924;3.14159;924;3.14056;924;3.12916
925;3.14267;925;3.14159;925;3.14056;925;3.12916
926;3.14051;926;3.14159;926;3.14056;926;3.12916
927;3.14267;927;3.14159;927;3.14056;927;3.12916
928;3.14052;928;3.14159;928;3.14056;928;3.12916
929;3.14267;929;3.14159;929;3.14057;929;3.12916
930;3.14052;930;3.14159;930;3.14057;930;3.12917
931;3.14267;931;3.14159;931;3.14057;931;3.12917
932;3.14052;932;3.14159;932;3.14057;932;3.12917
933;3.14267;933;3.14159;933;3.14057;933;3.12917
934;3.14052;934;3.14159;934;3.14057;934;3.12917
935;3.14266;935;3.14159;935;3.14057;935;3.12917
936;3.14053;936;3.14159;936;3.14057;936;3.12917
937;3.14266;937;3.14159;937;3.14057;937;3.12917
938;3.14053;938;3.14159;938;3.14058;938;3.12918
939;3.14266;939;3.14159;939;3.14058;939;3.12918
940;3.14053;940;3.14159;940;3.14058;940;3.12918
941;3.14266;941;3.14159;941;3.14058;941;3.12918
942;3.14053;942;3.14159;942;3.14058;942;3.12918
943;3.14265;943;3.14159;943;3.14058;943;3.12918
944;3.14053;944;3.14159;944;3.14058;944;3.12918
945;3.14265;945;3.14159;945;3.14058;945;3.12918
946;3.14054;946;3.14159;946;3.14058;946;3.12918
947;3.14265;947;3.14159;947;3.14058;947;3.12918
948;3.14054;948;3.14159;948;3.14059;948;3.12919
949;3.14265;949;3.14159;949;3.14059;949;3.12919
950;3.14054;950;3.14159;950;3.14059;950;3.12919
951;3.14265;951;3.14159;951;3.14059;951;3.12919
952;3.14054;952;3.14159;952;3.14059;952;3.12919
953;3.14264;953;3.14159;953;3.14059;953;3.12919
954;3.14055;954;3.14159;954;3.14059;954;3.12919
955;3.14264;955;3.14159;955;3.14059;955;3.12919
956;3.14055;956;3.14159;956;3.14059;956;3.12919
957;3.14264;957;3.14159;957;3.1406;957;3.12919
958;3.14055;958;3.14159;958;3.1406;958;3.1292
959;3.14264;959;3.14159;959;3.1406;959;3.1292
960;3.14055;960;3.14159;960;3.1406;960;3.1292
961;3.14263;961;3.14159;961;3.1406;961;3.1292
962;3.14055;962;3.14159;962;3.1406;962;3.1292
963;3.14263;963;3.14159;963;3.1406;963;3.1292
964;3.14056;964;3.14159;964;3.1406;964;3.1292
965;3.14263;965;3.14159;965;3.1406;965;3.1292
966;3.14056;966;3.14159;966;3.1406;966;3.1292
967;3.14263;967;3.14159;967;3.14061;967;3.1292
968;3.14056;968;3.14159;968;3.14061;968;3.12921
969;3.14263;969;3.14159;969;3.14061;969;3.12921
970;3.14056;970;3.14159;970;3.14061;970;3.12921
971;3.14262;971;3.14159;971;3.14061;971;3.12921
972;3.14056;972;3.14159;972;3.14061;972;3.12921
973;3.14262;973;3.14159;973;3.14061;973;3.12921
974;3.14057;974;3.14159;974;3.14061;974;3.12921
975;3.14262;975;3.14159;975;3.14061;975;3.12921
976;3.14057;976;3.14159;976;3.14061;976;3.12921
977;3.14262;977;3.14159;977;3.14062;977;3.12922
978;3.14057;978;3.14159;978;3.14062;978;3.12922
979;3.14261;979;3.14159;979;3.14062;979;3.12922
980;3.14057;980;3.14159;980;3.14062;980;3.12922
981;3.14261;981;3.14159;981;3.14062;981;3.12922
982;3.14057;982;3.14159;982;3.14062;982;3.12922
983;3.14261;983;3.14159;983;3.14062;983;3.12922
984;3.14058;984;3.14159;984;3.14062;984;3.12922
985;3.14261;985;3.14159;985;3.14062;985;3.12922
986;3.14058;986;3.14159;986;3.14062;986;3.12922
987;3.14261;987;3.14159;987;3.14063;987;3.12923
988;3.14058;988;3.14159;988;3.14063;988;3.12923
989;3.1426;989;3.14159;989;3.14063;989;3.12923
990;3.14058;990;3.14159;990;3.14063;990;3.12923
991;3.1426;991;3.14159;991;3.14063;991;3.12923
992;3.14058;992;3.14159;992;3.14063;992;3.12923
993;3.1426;993;3.14159;993;3.14063;993;3.12923
994;3.14059;994;3.14159;994;3.14063;994;3.12923
995;3.1426;995;3.14159;995;3.14063;995;3.12923
996;3.14059;996;3.14159;996;3.14063;996;3.12923
997;3.1426;997;3.14159;997;3.14064;997;3.12924
998;3.14059;998;3.14159;998;3.14064;998;3.12924
999;3.14259;999;3.14159;999;3.14064;999;3.12924
1000;3.14059;1000;3.14159;1000;3.14064;1000;3.12924
1001;3.14259;1001;3.14159;1001;3.14064;1001;3.12924
1002;3.14059;1002;3.14159;1002;3.14064;1002;3.12924
1003;3.14259;1003;3.14159;1003;3.14064;1003;3.12924
1004;3.1406;1004;3.14159;1004;3.14064;1004;3.12924
1005;3.14259;1005;3.14159;1005;3.14064;1005;3.12924
1006;3.1406;1006;3.14159;1006;3.14064;1006;3.12924
1007;3.14259;1007;3.14159;1007;3.14064;1007;3.12924
1008;3.1406;1008;3.14159;1008;3.14065;1008;3.12925
1009;3.14258;1009;3.14159;1009;3.14065;1009;3.12925
1010;3.1406;1010;3.14159;1010;3.14065;1010;3.12925
1011;3.14258;1011;3.14159;1011;3.14065;1011;3.12925
1012;3.1406;1012;3.14159;1012;3.14065;1012;3.12925
1013;3.14258;1013;3.14159;1013;3.14065;1013;3.12925
1014;3.14061;1014;3.14159;1014;3.14065;1014;3.12925
1015;3.14258;1015;3.14159;1015;3.14065;1015;3.12925
1016;3.14061;1016;3.14159;1016;3.14065;1016;3.12925
1017;3.14258;1017;3.14159;1017;3.14065;1017;3.12925
1018;3.14061;1018;3.14159;1018;3.14065;1018;3.12925
1019;3.14257;1019;3.14159;1019;3.14066;1019;3.12926
1020;3.14061;1020;3.14159;1020;3.14066;1020;3.12926
1021;3.14257;1021;3.14159;1021;3.14066;1021;3.12926
1022;3.14061;1022;3.14159;1022;3.14066;1022;3.12926
1023;3.14257;1023;3.14159;1023;3.14066;1023;3.12926
1024;3.14062;1024;3.14159;1024;3.14066;1024;3.12926
1025;3.14257;1025;3.14159;1025;3.14066;1025;3.12926
1026;3.14062;1026;3.14159;1026;3.14066;1026;3.12926
1027;3.14257;1027;3.14159;1027;3.14066;1027;3.12926
1028;3.14062;1028;3.14159;1028;3.14066;1028;3.12926
1029;3.14256;1029;3.14159;1029;3.14066;1029;3.12926
1030;3.14062;1030;3.14159;1030;3.14067;1030;3.12927
1031;3.14256;1031;3.14159;1031;3.14067;1031;3.12927
1032;3.14062;1032;3.14159;1032;3.14067;1032;3.12927
1033;3.14256;1033;3.14159;1033;3.14067;1033;3.12927
1034;3.14063;1034;3.14159;1034;3.14067;1034;3.12927
1035;3.14256;1035;3.14159;1035;3.14067;1035;3.12927
1036;3.14063;1036;3.14159;1036;3.14067;1036;3.12927
1037;3.14256;1037;3.14159;1037;3.14067;1037;3.12927
1038;3.14063;1038;3.14159;1038;3.14067;1038;3.12927
1039;3.14256;1039;3.14159;1039;3.14067;1039;3.12927
1040;3.14063;1040;3.14159;1040;3.14067;1040;3.12927
1041;3.14255;1041;3.14159;1041;3.14068;1041;3.12928
1042;3.14063;1042;3.14159;1042;3.14068;1042;3.12928
1043;3.14255;1043;3.14159;1043;3.14068;1043;3.12928
1044;3.14064;1044;3.14159;1044;3.14068;1044;3.12928
1045;3.14255;1045;3.14159;1045;3.14068;1045;3.12928
1046;3.14064;1046;3.14159;1046;3.14068;1046;3.12928
1047;3.14255;1047;3.14159;1047;3.14068;1047;3.12928
1048;3.14064;1048;3.14159;1048;3.14068;1048;3.12928
1049;3.14255;1049;3.14159;1049;3.14068;1049;3.12928
1050;3.14064;1050;3.14159;1050;3.14068;1050;3.12928
1051;3.14254;1051;3.14159;1051;3.14068;1051;3.12928
1052;3.14064;1052;3.14159;1052;3.14069;1052;3.12929
1053;3.14254;1053;3.14159;1053;3.14069;1053;3.12929
1054;3.14064;1054;3.14159;1054;3.14069;1054;3.12929
1055;3.14254;1055;3.14159;1055;3.14069;1055;3.12929
1056;3.14065;1056;3.14159;1056;3.14069;1056;3.12929
1057;3.14254;1057;3.14159;1057;3.14069;1057;3.12929
1058;3.14065;1058;3.14159;1058;3.14069;1058;3.12929
1059;3.14254;1059;3.14159;1059;3.14069;1059;3.12929
1060;3.14065;1060;3.14159;1060;3.14069;1060;3.12929
1061;3.14253;1061;3.14159;1061;3.14069;1061;3.12929
1062;3.14065;1062;3.14159;1062;3.14069;1062;3.12929
1063;3.14253;1063;3.14159;1063;3.1407;1063;3.1293
1064;3.14065;1064;3.14159;1064;3.1407;1064;3.1293
1065;3.14253;1065;3.14159;1065;3.1407;1065;3.1293
1066;3.14065;1066;3.14159;1066;3.1407;1066;3.1293
1067;3.14253;1067;3.14159;1067;3.1407;1067;3.1293
1068;3.14066;1068;3.14159;1068;3.1407;1068;3.1293
1069;3.14253;1069;3.14159;1069;3.1407;1069;3.1293
1070;3.14066;1070;3.14159;1070;3.1407;1070;3.1293
1071;3.14253;1071;3.14159;1071;3.1407;1071;3.1293
1072;3.14066;1072;3.14159;1072;3.1407;1072;3.1293
1073;3.14252;1073;3.14159;1073;3.1407;1073;3.1293
1074;3.14066;1074;3.14159;1074;3.1407;1074;3.1293
1075;3.14252;1075;3.14159;1075;3.1407;1075;3.1293
1076;3.14066;1076;3.14159;1076;3.14071;1076;3.12931
1077;3.14252;1077;3.14159;1077;3.14071;1077;3.12931
1078;3.14066;1078;3.14159;1078;3.14071;1078;3.12931
1079;3.14252;1079;3.14159;1079;3.14071;1079;3.12931
1080;3.14067;1080;3.14159;1080;3.14071;1080;3.12931
1081;3.14252;1081;3.14159;1081;3.14071;1081;3.12931
1082;3.14067;1082;3.14159;1082;3.14071;1082;3.12931
1083;3.14252;1083;3.14159;1083;3.14071;1083;3.12931
1084;3.14067;1084;3.14159;1084;3.14071;1084;3.12931
1085;3.14251;1085;3.14159;1085;3.14071;1085;3.12931
1086;3.14067;1086;3.14159;1086;3.14071;1086;3.12931
1087;3.14251;1087;3.14159;1087;3.14071;1087;3.12931
1088;3.14067;1088;3.14159;1088;3.14071;1088;3.12932
1089;3.14251;1089;3.14159;1089;3.14072;1089;3.12932
1090;3.14068;1090;3.14159;1090;3.14072;1090;3.12932
1091;3.14251;1091;3.14159;1091;3.14072;1091;3.12932
1092;3.14068;1092;3.14159;1092;3.14072;1092;3.12932
1093;3.14251;1093;3.14159;1093;3.14072;1093;3.12932
1094;3.14068;1094;3.14159;1094;3.14072;1094;3.12932
1095;3.14251;1095;3.14159;1095;3.14072;1095;3.12932
1096;3.14068;1096;3.14159;1096;3.14072;1096;3.12932
1097;3.1425;1097;3.14159;1097;3.14072;1097;3.12932
1098;3.14068;1098;3.14159;1098;3.14072;1098;3.12932
1099;3.1425;1099;3.14159;1099;3.14072;1099;3.12932
1100;3.14068;1100;3.14159;1100;3.14072;1100;3.12932
1101;3.1425;1101;3.14159;1101;3.14073;1101;3.12933
1102;3.14069;1102;3.14159;1102;3.14073;1102;3.12933
1103;3.1425;1103;3.14159;1103;3.14073;1103;3.12933
1104;3.14069;1104;3.14159;1104;3.14073;1104;3.12933
1105;3.1425;1105;3.14159;1105;3.14073;1105;3.12933
1106;3.14069;1106;3.14159;1106;3.14073;1106;3.12933
1107;3.1425;1107;3.14159;1107;3.14073;1107;3.12933
1108;3.14069;1108;3.14159;1108;3.14073;1108;3.12933
1109;3.14249;1109;3.14159;1109;3.14073;1109;3.12933
1110;3.14069;1110;3.14159;1110;3.14073;1110;3.12933
1111;3.14249;1111;3.14159;1111;3.14073;1111;3.12933
1112;3.14069;1112;3.14159;1112;3.14073;1112;3.12933
1113;3.14249;1113;3.14159;1113;3.14073;1113;3.12934
1114;3.14069;1114;3.14159;1114;3.14074;1114;3.12934
1115;3.14249;1115;3.14159;1115;3.14074;1115;3.12934
1116;3.1407;1116;3.14159;1116;3.14074;1116;3.12934
1117;3.14249;1117;3.14159;1117;3.14074;1117;3.12934
1118;3.1407;1118;3.14159;1118;3.14074;1118;3.12934
1119;3.14249;1119;3.14159;1119;3.14074;1119;3.12934
1120;3.1407;1120;3.14159;1120;3.14074;1120;3.12934
1121;3.14248;1121;3.14159;1121;3.14074;1121;3.12934
1122;3.1407;1122;3.14159;1122;3.14074;1122;3.12934
1123;3.14248;1123;3.14159;1123;3.14074;1123;3.12934
1124;3.1407;1124;3.14159;1124;3.14074;1124;3.12934
1125;3.14248;1125;3.14159;1125;3.14074;1125;3.12934
1126;3.1407;1126;3.14159;1126;3.14075;1126;3.12935
1127;3.14248;1127;3.14159;1127;3.14075;1127;3.12935
1128;3.14071;1128;3.14159;1128;3.14075;1128;3.12935
1129;3.14248;1129;3.14159;1129;3.14075;1129;3.12935
1130;3.14071;1130;3.14159;1130;3.14075;1130;3.12935
1131;3.14248;1131;3.14159;1131;3.14075;1131;3.12935
1132;3.14071;1132;3.14159;1132;3.14075;1132;3.12935
1133;3.14247;1133;3.14159;1133;3.14075;1133;3.12935
1134;3.14071;1134;3.14159;1134;3.14075;1134;3.12935
1135;3.14247;1135;3.14159;1135;3.14075;1135;3.12935
1136;3.14071;1136;3.14159;1136;3.14075;1136;3.12935
1137;3.14247;1137;3.14159;1137;3.14075;1137;3.12935
1138;3.14071;1138;3.14159;1138;3.14075;1138;3.12935
1139;3.14247;1139;3.14159;1139;3.14076;1139;3.12936
1140;3.14071;1140;3.14159;1140;3.14076;1140;3.12936
1141;3.14247;1141;3.14159;1141;3.14076;1141;3.12936
1142;3.14072;1142;3.14159;1142;3.14076;1142;3.12936
1143;3.14247;1143;3.14159;1143;3.14076;1143;3.12936
1144;3.14072;1144;3.14159;1144;3.14076;1144;3.12936
1145;3.14246;1145;3.14159;1145;3.14076;1145;3.12936
1146;3.14072;1146;3.14159;1146;3.14076;1146;3.12936
1147;3.14246;1147;3.14159;1147;3.14076;1147;3.12936
1148;3.14072;1148;3.14159;1148;3.14076;1148;3.12936
1149;3.14246;1149;3.14159;1149;3.14076;1149;3.12936
1150;3.14072;1150;3.14159;1150;3.14076;1150;3.12936
1151;3.14246;1151;3.14159;1151;3.14076;1151;3.12936
1152;3.14072;1152;3.14159;1152;3.14076;1152;3.12936
1153;3.14246;1153;3.14159;1153;3.14076;1153;3.12936
1154;3.14073;1154;3.14159;1154;3.14077;1154;3.12937
1155;3.14246;1155;3.14159;1155;3.14077;1155;3.12937
1156;3.14073;1156;3.14159;1156;3.14077;1156;3.12937
1157;3.14246;1157;3.14159;1157;3.14077;1157;3.12937
1158;3.14073;1158;3.14159;1158;3.14077;1158;3.12937
1159;3.14245;1159;3.14159;1159;3.14077;1159;3.12937
1160;3.14073;1160;3.14159;1160;3.14077;1160;3.12937
1161;3.14245;1161;3.14159;1161;3.14077;1161;3.12937
1162;3.14073;1162;3.14159;1162;3.14077;1162;3.12937
1163;3.14245;1163;3.14159;1163;3.14077;1163;3.12937
1164;3.14073;1164;3.14159;1164;3.14077;1164;3.12937
1165;3.14245;1165;3.14159;1165;3.14077;1165;3.12937
1166;3.14073;1166;3.14159;1166;3.14077;1166;3.12937
1167;3.14245;1167;3.14159;1167;3.14077;1167;3.12937
1168;3.14074;1168;3.14159;1168;3.14077;1168;3.12938
1169;3.14245;1169;3.14159;1169;3.14078;1169;3.12938
1170;3.14074;1170;3.14159;1170;3.14078;1170;3.12938
1171;3.14245;1171;3.14159;1171;3.14078;1171;3.12938
1172;3.14074;1172;3.14159;1172;3.14078;1172;3.12938
1173;3.14244;1173;3.14159;1173;3.14078;1173;3.12938
1174;3.14074;1174;3.14159;1174;3.14078;1174;3.12938
1175;3.14244;1175;3.14159;1175;3.14078;1175;3.12938
1176;3.14074;1176;3.14159;1176;3.14078;1176;3.12938
1177;3.14244;1177;3.14159;1177;3.14078;1177;3.12938
1178;3.14074;1178;3.14159;1178;3.14078;1178;3.12938
1179;3.14244;1179;3.14159;1179;3.14078;1179;3.12938
1180;3.14074;1180;3.14159;1180;3.14078;1180;3.12938
1181;3.14244;1181;3.14159;1181;3.14078;1181;3.12938
1182;3.14075;1182;3.14159;1182;3.14078;1182;3.12938
1183;3.14244;1183;3.14159;1183;3.14079;1183;3.12939
1184;3.14075;1184;3.14159;1184;3.14079;1184;3.12939
1185;3.14244;1185;3.14159;1185;3.14079;1185;3.12939
1186;3.14075;1186;3.14159;1186;3.14079;1186;3.12939
1187;3.14243;1187;3.14159;1187;3.14079;1187;3.12939
1188;3.14075;1188;3.14159;1188;3.14079;1188;3.12939
1189;3.14243;1189;3.14159;1189;3.14079;1189;3.12939
1190;3.14075;1190;3.14159;1190;3.14079;1190;3.12939
1191;3.14243;1191;3.14159;1191;3.14079;1191;3.12939
1192;3.14075;1192;3.14159;1192;3.14079;1192;3.12939
1193;3.14243;1193;3.14159;1193;3.14079;1193;3.12939
1194;3.14075;1194;3.14159;1194;3.14079;1194;3.12939
1195;3.14243;1195;3.14159;1195;3.14079;1195;3.12939
1196;3.14076;1196;3.14159;1196;3.14079;1196;3.12939
1197;3.14243;1197;3.14159;1197;3.14079;1197;3.1294
1198;3.14076;1198;3.14159;1198;3.1408;1198;3.1294
1199;3.14243;1199;3.14159;1199;3.1408;1199;3.1294
1200;3.14076;1200;3.14159;1200;3.1408;1200;3.1294
1201;3.14242;1201;3.14159;1201;3.1408;1201;3.1294
1202;3.14076;1202;3.14159;1202;3.1408;1202;3.1294
1203;3.14242;1203;3.14159;1203;3.1408;1203;3.1294
1204;3.14076;1204;3.14159;1204;3.1408;1204;3.1294
1205;3.14242;1205;3.14159;1205;3.1408;1205;3.1294
1206;3.14076;1206;3.14159;1206;3.1408;1206;3.1294
1207;3.14242;1207;3.14159;1207;3.1408;1207;3.1294
1208;3.14076;1208;3.14159;1208;3.1408;1208;3.1294
1209;3.14242;1209;3.14159;1209;3.1408;1209;3.1294
1210;3.14076;1210;3.14159;1210;3.1408;1210;3.1294
1211;3.14242;1211;3.14159;1211;3.1408;1211;3.1294
1212;3.14077;1212;3.14159;1212;3.14081;1212;3.12941
1213;3.14242;1213;3.14159;1213;3.14081;1213;3.12941
1214;3.14077;1214;3.14159;1214;3.14081;1214;3.12941
1215;3.14241;1215;3.14159;1215;3.14081;1215;3.12941
1216;3.14077;1216;3.14159;1216;3.14081;1216;3.12941
1217;3.14241;1217;3.14159;1217;3.14081;1217;3.12941
1218;3.14077;1218;3.14159;1218;3.14081;1218;3.12941
1219;3.14241;1219;3.14159;1219;3.14081;1219;3.12941
1220;3.14077;1220;3.14159;1220;3.14081;1220;3.12941
1221;3.14241;1221;3.14159;1221;3.14081;1221;3.12941
1222;3.14077;1222;3.14159;1222;3.14081;1222;3.12941
1223;3.14241;1223;3.14159;1223;3.14081;1223;3.12941
1224;3.14077;1224;3.14159;1224;3.14081;1224;3.12941
1225;3.14241;1225;3.14159;1225;3.14081;1225;3.12941
1226;3.14078;1226;3.14159;1226;3.14081;1226;3.12942
1227;3.14241;1227;3.14159;1227;3.14082;1227;3.12942
1228;3.14078;1228;3.14159;1228;3.14082;1228;3.12942
1229;3.1424;1229;3.14159;1229;3.14082;1229;3.12942
1230;3.14078;1230;3.14159;1230;3.14082;1230;3.12942
1231;3.1424;1231;3.14159;1231;3.14082;1231;3.12942
1232;3.14078;1232;3.14159;1232;3.14082;1232;3.12942
1233;3.1424;1233;3.14159;1233;3.14082;1233;3.12942
1234;3.14078;1234;3.14159;1234;3.14082;1234;3.12942
1235;3.1424;1235;3.14159;1235;3.14082;1235;3.12942
1236;3.14078;1236;3.14159;1236;3.14082;1236;3.12942
1237;3.1424;1237;3.14159;1237;3.14082;1237;3.12942
1238;3.14078;1238;3.14159;1238;3.14082;1238;3.12942
1239;3.1424;1239;3.14159;1239;3.14082;1239;3.12942
1240;3.14078;1240;3.14159;1240;3.14082;1240;3.12942
1241;3.1424;1241;3.14159;1241;3.14082;1241;3.12942
1242;3.14079;1242;3.14159;1242;3.14082;1242;3.12943
1243;3.14239;1243;3.14159;1243;3.14083;1243;3.12943
1244;3.14079;1244;3.14159;1244;3.14083;1244;3.12943
1245;3.14239;1245;3.14159;1245;3.14083;1245;3.12943
1246;3.14079;1246;3.14159;1246;3.14083;1246;3.12943
1247;3.14239;1247;3.14159;1247;3.14083;1247;3.12943
1248;3.14079;1248;3.14159;1248;3.14083;1248;3.12943
1249;3.14239;1249;3.14159;1249;3.14083;1249;3.12943
1250;3.14079;1250;3.14159;1250;3.14083;1250;3.12943
1251;3.14239;1251;3.14159;1251;3.14083;1251;3.12943
1252;3.14079;1252;3.14159;1252;3.14083;1252;3.12943
1253;3.14239;1253;3.14159;1253;3.14083;1253;3.12943
1254;3.14079;1254;3.14159;1254;3.14083;1254;3.12943
1255;3.14239;1255;3.14159;1255;3.14083;1255;3.12943
1256;3.14079;1256;3.14159;1256;3.14083;1256;3.12943
1257;3.14239;1257;3.14159;1257;3.14083;1257;3.12943
1258;3.1408;1258;3.14159;1258;3.14083;1258;3.12943
1259;3.14238;1259;3.14159;1259;3.14083;1259;3.12944
1260;3.1408;1260;3.14159;1260;3.14084;1260;3.12944
1261;3.14238;1261;3.14159;1261;3.14084;1261;3.12944
1262;3.1408;1262;3.14159;1262;3.14084;1262;3.12944
1263;3.14238;1263;3.14159;1263;3.14084;1263;3.12944
1264;3.1408;1264;3.14159;1264;3.14084;1264;3.12944
1265;3.14238;1265;3.14159;1265;3.14084;1265;3.12944
1266;3.1408;1266;3.14159;1266;3.14084;1266;3.12944
1267;3.14238;1267;3.14159;1267;3.14084;1267;3.12944
1268;3.1408;1268;3.14159;1268;3.14084;1268;3.12944
1269;3.14238;1269;3.14159;1269;3.14084;1269;3.12944
1270;3.1408;1270;3.14159;1270;3.14084;1270;3.12944
1271;3.14238;1271;3.14159;1271;3.14084;1271;3.12944
1272;3.1408;1272;3.14159;1272;3.14084;1272;3.12944
1273;3.14238;1273;3.14159;1273;3.14084;1273;3.12944
1274;3.14081;1274;3.14159;1274;3.14084;1274;3.12944
1275;3.14237;1275;3.14159;1275;3.14084;1275;3.12944
1276;3.14081;1276;3.14159;1276;3.14084;1276;3.12944
1277;3.14237;1277;3.14159;1277;3.14084;1277;3.12945
1278;3.14081;1278;3.14159;1278;3.14085;1278;3.12945
1279;3.14237;1279;3.14159;1279;3.14085;1279;3.12945
1280;3.14081;1280;3.14159;1280;3.14085;1280;3.12945
1281;3.14237;1281;3.14159;1281;3.14085;1281;3.12945
1282;3.14081;1282;3.14159;1282;3.14085;1282;3.12945
1283;3.14237;1283;3.14159;1283;3.14085;1283;3.12945
1284;3.14081;1284;3.14159;1284;3.14085;1284;3.12945
1285;3.14237;1285;3.14159;1285;3.14085;1285;3.12945
1286;3.14081;1286;3.14159;1286;3.14085;1286;3.12945
1287;3.14237;1287;3.14159;1287;3.14085;1287;3.12945
1288;3.14081;1288;3.14159;1288;3.14085;1288;3.12945
1289;3.14237;1289;3.14159;1289;3.14085;1289;3.12945
1290;3.14082;1290;3.14159;1290;3.14085;1290;3.12945
1291;3.14236;1291;3.14159;1291;3.14085;1291;3.12945
1292;3.14082;1292;3.14159;1292;3.14085;1292;3.12945
1293;3.14236;1293;3.14159;1293;3.14085;1293;3.12945
1294;3.14082;1294;3.14159;1294;3.14085;1294;3.12946
1295;3.14236;1295;3.14159;1295;3.14085;1295;3.12946
1296;3.14082;1296;3.14159;1296;3.14086;1296;3.12946
1297;3.14236;1297;3.14159;1297;3.14086;1297;3.12946
1298;3.14082;1298;3.14159;1298;3.14086;1298;3.12946
1299;3.14236;1299;3.14159;1299;3.14086;1299;3.12946
1300;3.14082;1300;3.14159;1300;3.14086;1300;3.12946
1301;3.14236;1301;3.14159;1301;3.14086;1301;3.12946
1302;3.14082;1302;3.14159;1302;3.14086;1302;3.12946
1303;3.14236;1303;3.14159;1303;3.14086;1303;3.12946
1304;3.14082;1304;3.14159;1304;3.14086;1304;3.12946
1305;3.14236;1305;3.14159;1305;3.14086;1305;3.12946
1306;3.14082;1306;3.14159;1306;3.14086;1306;3.12946
1307;3.14236;1307;3.14159;1307;3.14086;1307;3.12946
1308;3.14083;1308;3.14159;1308;3.14086;1308;3.12946
1309;3.14235;1309;3.14159;1309;3.14086;1309;3.12946
1310;3.14083;1310;3.14159;1310;3.14086;1310;3.12946
1311;3.14235;1311;3.14159;1311;3.14086;1311;3.12946
1312;3.14083;1312;3.14159;1312;3.14086;1312;3.12947
1313;3.14235;1313;3.14159;1313;3.14087;1313;3.12947
1314;3.14083;1314;3.14159;1314;3.14087;1314;3.12947
1315;3.14235;1315;3.14159;1315;3.14087;1315;3.12947
1316;3.14083;1316;3.14159;1316;3.14087;1316;3.12947
1317;3.14235;1317;3.14159;1317;3.14087;1317;3.12947
1318;3.14083;1318;3.14159;1318;3.14087;1318;3.12947
1319;3.14235;1319;3.14159;1319;3.14087;1319;3.12947
1320;3.14083;1320;3.14159;1320;3.14087;1320;3.12947
1321;3.14235;1321;3.14159;1321;3.14087;1321;3.12947
1322;3.14083;1322;3.14159;1322;3.14087;1322;3.12947
1323;3.14235;1323;3.14159;1323;3.14087;1323;3.12947
1324;3.14084;1324;3.14159;1324;3.14087;1324;3.12947
1325;3.14235;1325;3.14159;1325;3.14087;1325;3.12947
1326;3.14084;1326;3.14159;1326;3.14087;1326;3.12947
1327;3.14234;1327;3.14159;1327;3.14087;1327;3.12947
1328;3.14084;1328;3.14159;1328;3.14087;1328;3.12947
1329;3.14234;1329;3.14159;1329;3.14087;1329;3.12947
1330;3.14084;1330;3.14159;1330;3.14087;1330;3.12948
1331;3.14234;1331;3.14159;1331;3.14088;1331;3.12948
1332;3.14084;1332;3.14159;1332;3.14088;1332;3.12948
1333;3.14234;1333;3.14159;1333;3.14088;1333;3.12948
1334;3.14084;1334;3.14159;1334;3.14088;1334;3.12948
1335;3.14234;1335;3.14159;1335;3.14088;1335;3.12948
1336;3.14084;1336;3.14159;1336;3.14088;1336;3.12948
1337;3.14234;1337;3.14159;1337;3.14088;1337;3.12948
1338;3.14084;1338;3.14159;1338;3.14088;1338;3.12948
1339;3.14234;1339;3.14159;1339;3.14088;1339;3.12948
1340;3.14084;1340;3.14159;1340;3.14088;1340;3.12948
1341;3.14234;1341;3.14159;1341;3.14088;1341;3.12948
1342;3.14085;1342;3.14159;1342;3.14088;1342;3.12948
1343;3.14234;1343;3.14159;1343;3.14088;1343;3.12948
1344;3.14085;1344;3.14159;1344;3.14088;1344;3.12948
1345;3.14233;1345;3.14159;1345;3.14088;1345;3.12948
1346;3.14085;1346;3.14159;1346;3.14088;1346;3.12948
1347;3.14233;1347;3.14159;1347;3.14088;1347;3.12949
1348;3.14085;1348;3.14159;1348;3.14089;1348;3.12949
1349;3.14233;1349;3.14159;1349;3.14089;1349;3.12949
1350;3.14085;1350;3.14159;1350;3.14089;1350;3.12949
1351;3.14233;1351;3.14159;1351;3.14089;1351;3.12949
1352;3.14085;1352;3.14159;1352;3.14089;1352;3.12949
1353;3.14233;1353;3.14159;1353;3.14089;1353;3.12949
1354;3.14085;1354;3.14159;1354;3.14089;1354;3.12949
1355;3.14233;1355;3.14159;1355;3.14089;1355;3.12949
1356;3.14085;1356;3.14159;1356;3.14089;1356;3.12949
1357;3.14233;1357;3.14159;1357;3.14089;1357;3.12949
1358;3.14085;1358;3.14159;1358;3.14089;1358;3.12949
1359;3.14233;1359;3.14159;1359;3.14089;1359;3.12949
1360;3.14086;1360;3.14159;1360;3.14089;1360;3.12949
1361;3.14233;1361;3.14159;1361;3.14089;1361;3.12949
1362;3.14086;1362;3.14159;1362;3.14089;1362;3.12949
1363;3.14232;1363;3.14159;1363;3.14089;1363;3.12949
1364;3.14086;1364;3.14159;1364;3.14089;1364;3.12949
1365;3.14232;1365;3.14159;1365;3.14089;1365;3.1295
1366;3.14086;1366;3.14159;1366;3.1409;1366;3.1295
1367;3.14232;1367;3.14159;1367;3.1409;1367;3.1295
1368;3.14086;1368;3.14159;1368;3.1409;1368;3.1295
1369;3.14232;1369;3.14159;1369;3.1409;1369;3.1295
1370;3.14086;1370;3.14159;1370;3.1409;1370;3.1295
1371;3.14232;1371;3.14159;1371;3.1409;1371;3.1295
1372;3.14086;1372;3.14159;1372;3.1409;1372;3.1295
1373;3.14232;1373;3.14159;1373;3.1409;1373;3.1295
1374;3.14086;1374;3.14159;1374;3.1409;1374;3.1295
1375;3.14232;1375;3.14159;1375;3.1409;1375;3.1295
1376;3.14086;1376;3.14159;1376;3.1409;1376;3.1295
1377;3.14232;1377;3.14159;1377;3.1409;1377;3.1295
1378;3.14087;1378;3.14159;1378;3.1409;1378;3.1295
1379;3.14232;1379;3.14159;1379;3.1409;1379;3.1295
1380;3.14087;1380;3.14159;1380;3.1409;1380;3.1295
1381;3.14231;1381;3.14159;1381;3.1409;1381;3.1295
1382;3.14087;1382;3.14159;1382;3.1409;1382;3.1295
1383;3.14231;1383;3.14159;1383;3.1409;1383;3.1295
1384;3.14087;1384;3.14159;1384;3.1409;1384;3.1295
1385;3.14231;1385;3.14159;1385;3.1409;1385;3.1295
1386;3.14087;1386;3.14159;1386;3.1409;1386;3.12951
1387;3.14231;1387;3.14159;1387;3.1409;1387;3.12951
1388;3.14087;1388;3.14159;1388;3.14091;1388;3.12951
1389;3.14231;1389;3.14159;1389;3.14091;1389;3.12951
1390;3.14087;1390;3.14159;1390;3.14091;1390;3.12951
1391;3.14231;1391;3.14159;1391;3.14091;1391;3.12951
1392;3.14087;1392;3.14159;1392;3.14091;1392;3.12951
1393;3.14231;1393;3.14159;1393;3.14091;1393;3.12951
1394;3.14087;1394;3.14159;1394;3.14091;1394;3.12951
1395;3.14231;1395;3.14159;1395;3.14091;1395;3.12951
1396;3.14087;1396;3.14159;1396;3.14091;1396;3.12951
1397;3.14231;1397;3.14159;1397;3.14091;1397;3.12951
1398;3.14088;1398;3.14159;1398;3.14091;1398;3.12951
1399;3.14231;1399;3.14159;1399;3.14091;1399;3.12951
1400;3.14088;1400;3.14159;1400;3.14091;1400;3.12951
1401;3.1423;1401;3.14159;1401;3.14091;1401;3.12951
1402;3.14088;1402;3.14159;1402;3.14091;1402;3.12951
1403;3.1423;1403;3.14159;1403;3.14091;1403;3.12951
1404;3.14088;1404;3.14159;1404;3.14091;1404;3.12951
1405;3.1423;1405;3.14159;1405;3.14091;1405;3.12951
1406;3.14088;1406;3.14159;1406;3.14091;1406;3.12951
1407;3.1423;1407;3.14159;1407;3.14091;1407;3.12951
1408;3.14088;1408;3.14159;1408;3.14091;1408;3.12952
1409;3.1423;1409;3.14159;1409;3.14091;1409;3.12952
1410;3.14088;1410;3.14159;1410;3.14092;1410;3.12952
1411;3.1423;1411;3.14159;1411;3.14092;1411;3.12952
1412;3.14088;1412;3.14159;1412;3.14092;1412;3.12952
1413;3.1423;1413;3.14159;1413;3.14092;1413;3.12952
1414;3.14088;1414;3.14159;1414;3.14092;1414;3.12952
1415;3.1423;1415;3.14159;1415;3.14092;1415;3.12952
1416;3.14088;1416;3.14159;1416;3.14092;1416;3.12952
1417;3.1423;1417;3.14159;1417;3.14092;1417;3.12952
1418;3.14089;1418;3.14159;1418;3.14092;1418;3.12952
1419;3.1423;1419;3.14159;1419;3.14092;1419;3.12952
1420;3.14089;1420;3.14159;1420;3.14092;1420;3.12952
1421;3.14229;1421;3.14159;1421;3.14092;1421;3.12952
1422;3.14089;1422;3.14159;1422;3.14092;1422;3.12952
1423;3.14229;1423;3.14159;1423;3.14092;1423;3.12952
1424;3.14089;1424;3.14159;1424;3.14092;1424;3.12952
1425;3.14229;1425;3.14159;1425;3.14092;1425;3.12952
1426;3.14089;1426;3.14159;1426;3.14092;1426;3.12952
1427;3.14229;1427;3.14159;1427;3.14092;1427;3.12952
1428;3.14089;1428;3.14159;1428;3.14092;1428;3.12952
1429;3.14229;1429;3.14159;1429;3.14092;1429;3.12952
1430;3.14089;1430;3.14159;1430;3.14092;1430;3.12953
1431;3.14229;1431;3.14159;1431;3.14092;1431;3.12953
1432;3.14089;1432;3.14159;1432;3.14093;1432;3.12953
1433;3.14229;1433;3.14159;1433;3.14093;1433;3.12953
1434;3.14089;1434;3.14159;1434;3.14093;1434;3.12953
1435;3.14229;1435;3.14159;1435;3.14093;1435;3.12953
1436;3.14089;1436;3.14159;1436;3.14093;1436;3.12953
1437;3.14229;1437;3.14159;1437;3.14093;1437;3.12953
1438;3.1409;1438;3.14159;1438;3.14093;1438;3.12953
1439;3.14229;1439;3.14159;1439;3.14093;1439;3.12953
1440;3.1409;1440;3.14159;1440;3.14093;1440;3.12953
1441;3.14228;1441;3.14159;1441;3.14093;1441;3.12953
1442;3.1409;1442;3.14159;1442;3.14093;1442;3.12953
1443;3.14228;1443;3.14159;1443;3.14093;1443;3.12953
1444;3.1409;1444;3.14159;1444;3.14093;1444;3.12953
1445;3.14228;1445;3.14159;1445;3.14093;1445;3.12953
1446;3.1409;1446;3.14159;1446;3.14093;1446;3.12953
1447;3.14228;1447;3.14159;1447;3.14093;1447;3.12953
1448;3.1409;1448;3.14159;1448;3.14093;1448;3.12953
1449;3.14228;1449;3.14159;1449;3.14093;1449;3.12953
1450;3.1409;1450;3.14159;1450;3.14093;1450;3.12953
1451;3.14228;1451;3.14159;1451;3.14093;1451;3.12953
1452;3.1409;1452;3.14159;1452;3.14093;1452;3.12954
1453;3.14228;1453;3.14159;1453;3.14093;1453;3.12954
1454;3.1409;1454;3.14159;1454;3.14094;1454;3.12954
1455;3.14228;1455;3.14159;1455;3.14094;1455;3.12954
1456;3.1409;1456;3.14159;1456;3.14094;1456;3.12954
1457;3.14228;1457;3.14159;1457;3.14094;1457;3.12954
1458;3.1409;1458;3.14159;1458;3.14094;1458;3.12954
1459;3.14228;1459;3.14159;1459;3.14094;1459;3.12954
1460;3.14091;1460;3.14159;1460;3.14094;1460;3.12954
1461;3.14228;1461;3.14159;1461;3.14094;1461;3.12954
1462;3.14091;1462;3.14159;1462;3.14094;1462;3.12954
1463;3.14227;1463;3.14159;1463;3.14094;1463;3.12954
1464;3.14091;1464;3.14159;1464;3.14094;1464;3.12954
1465;3.14227;1465;3.14159;1465;3.14094;1465;3.12954
1466;3.14091;1466;3.14159;1466;3.14094;1466;3.12954
1467;3.14227;1467;3.14159;1467;3.14094;1467;3.12954
1468;3.14091;1468;3.14159;1468;3.14094;1468;3.12954
1469;3.14227;1469;3.14159;1469;3.14094;1469;3.12954
1470;3.14091;1470;3.14159;1470;3.14094;1470;3.12954
1471;3.14227;1471;3.14159;1471;3.14094;1471;3.12954
1472;3.14091;1472;3.14159;1472;3.14094;1472;3.12954
1473;3.14227;1473;3.14159;1473;3.14094;1473;3.12954
1474;3.14091;1474;3.14159;1474;3.14094;1474;3.12955
1475;3.14227;1475;3.14159;1475;3.14094;1475;3.12955
1476;3.14091;1476;3.14159;1476;3.14095;1476;3.12955
1477;3.14227;1477;3.14159;1477;3.14095;1477;3.12955
1478;3.14091;1478;3.14159;1478;3.14095;1478;3.12955
1479;3.14227;1479;3.14159;1479;3.14095;1479;3.12955
1480;3.14092;1480;3.14159;1480;3.14095;1480;3.12955
1481;3.14227;1481;3.14159;1481;3.14095;1481;3.12955
1482;3.14092;1482;3.14159;1482;3.14095;1482;3.12955
1483;3.14227;1483;3.14159;1483;3.14095;1483;3.12955
1484;3.14092;1484;3.14159;1484;3.14095;1484;3.12955
1485;3.14226;1485;3.14159;1485;3.14095;1485;3.12955
1486;3.14092;1486;3.14159;1486;3.14095;1486;3.12955
1487;3.14226;1487;3.14159;1487;3.14095;1487;3.12955
1488;3.14092;1488;3.14159;1488;3.14095;1488;3.12955
1489;3.14226;1489;3.14159;1489;3.14095;1489;3.12955
1490;3.14092;1490;3.14159;1490;3.14095;1490;3.12955
1491;3.14226;1491;3.14159;1491;3.14095;1491;3.12955
1492;3.14092;1492;3.14159;1492;3.14095;1492;3.12955
1493;3.14226;1493;3.14159;1493;3.14095;1493;3.12955
1494;3.14092;1494;3.14159;1494;3.14095;1494;3.12955
1495;3.14226;1495;3.14159;1495;3.14095;1495;3.12955
1496;3.14092;1496;3.14159;1496;3.14095;1496;3.12956
1497;3.14226;1497;3.14159;1497;3.14095;1497;3.12956
1498;3.14092;1498;3.14159;1498;3.14096;1498;3.12956
1499;3.14226;1499;3.14159;1499;3.14096;1499;3.12956
1500;3.14092;1500;3.14159;1500;3.14096;1500;3.12956
1501;3.14226;1501;3.14159;1501;3.14096;1501;3.12956
1502;3.14093;1502;3.14159;1502;3.14096;1502;3.12956
1503;3.14226;1503;3.14159;1503;3.14096;1503;3.12956
1504;3.14093;1504;3.14159;1504;3.14096;1504;3.12956
1505;3.14226;1505;3.14159;1505;3.14096;1505;3.12956
1506;3.14093;1506;3.14159;1506;3.14096;1506;3.12956
1507;3.14225;1507;3.14159;1507;3.14096;1507;3.12956
1508;3.14093;1508;3.14159;1508;3.14096;1508;3.12956
1509;3.14225;1509;3.14159;1509;3.14096;1509;3.12956
1510;3.14093;1510;3.14159;1510;3.14096;1510;3.12956
1511;3.14225;1511;3.14159;1511;3.14096;1511;3.12956
1512;3.14093;1512;3.14159;1512;3.14096;1512;3.12956
1513;3.14225;1513;3.14159;1513;3.14096;1513;3.12956
1514;3.14093;1514;3.14159;1514;3.14096;1514;3.12956
1515;3.14225;1515;3.14159;1515;3.14096;1515;3.12956
1516;3.14093;1516;3.14159;1516;3.14096;1516;3.12956
1517;3.14225;1517;3.14159;1517;3.14096;1517;3.12957
1518;3.14093;1518;3.14159;1518;3.14096;1518;3.12957
1519;3.14225;1519;3.14159;1519;3.14096;1519;3.12957
1520;3.14093;1520;3.14159;1520;3.14097;1520;3.12957
1521;3.14225;1521;3.14159;1521;3.14097;1521;3.12957
1522;3.14093;1522;3.14159;1522;3.14097;1522;3.12957
1523;3.14225;1523;3.14159;1523;3.14097;1523;3.12957
1524;3.14093;1524;3.14159;1524;3.14097;1524;3.12957
1525;3.14225;1525;3.14159;1525;3.14097;1525;3.12957
1526;3.14094;1526;3.14159;1526;3.14097;1526;3.12957
1527;3.14225;1527;3.14159;1527;3.14097;1527;3.12957
1528;3.14094;1528;3.14159;1528;3.14097;1528;3.12957
1529;3.14225;1529;3.14159;1529;3.14097;1529;3.12957
1530;3.14094;1530;3.14159;1530;3.14097;1530;3.12957
1531;3.14224;1531;3.14159;1531;3.14097;1531;3.12957
1532;3.14094;1532;3.14159;1532;3.14097;1532;3.12957
1533;3.14224;1533;3.14159;1533;3.14097;1533;3.12957
1534;3.14094;1534;3.14159;1534;3.14097;1534;3.12957
1535;3.14224;1535;3.14159;1535;3.14097;1535;3.12957
1536;3.14094;1536;3.14159;1536;3.14097;1536;3.12957
1537;3.14224;1537;3.14159;1537;3.14097;1537;3.12957
1538;3.14094;1538;3.14159;1538;3.14097;1538;3.12957
1539;3.14224;1539;3.14159;1539;3.14097;1539;3.12958
1540;3.14094;1540;3.14159;1540;3.14097;1540;3.12958
1541;3.14224;1541;3.14159;1541;3.14097;1541;3.12958
1542;3.14094;1542;3.14159;1542;3.14098;1542;3.12958
1543;3.14224;1543;3.14159;1543;3.14098;1543;3.12958
1544;3.14094;1544;3.14159;1544;3.14098;1544;3.12958
1545;3.14224;1545;3.14159;1545;3.14098;1545;3.12958
1546;3.14094;1546;3.14159;1546;3.14098;1546;3.12958
1547;3.14224;1547;3.14159;1547;3.14098;1547;3.12958
1548;3.14094;1548;3.14159;1548;3.14098;1548;3.12958
1549;3.14224;1549;3.14159;1549;3.14098;1549;3.12958
1550;3.14095;1550;3.14159;1550;3.14098;1550;3.12958
1551;3.14224;1551;3.14159;1551;3.14098;1551;3.12958
1552;3.14095;1552;3.14159;1552;3.14098;1552;3.12958
1553;3.14223;1553;3.14159;1553;3.14098;1553;3.12958
1554;3.14095;1554;3.14159;1554;3.14098;1554;3.12958
1555;3.14223;1555;3.14159;1555;3.14098;1555;3.12958
1556;3.14095;1556;3.14159;1556;3.14098;1556;3.12958
1557;3.14223;1557;3.14159;1557;3.14098;1557;3.12958
1558;3.14095;1558;3.14159;1558;3.14098;1558;3.12958
1559;3.14223;1559;3.14159;1559;3.14098;1559;3.12958
1560;3.14095;1560;3.14159;1560;3.14098;1560;3.12958
1561;3.14223;1561;3.14159;1561;3.14098;1561;3.12958
1562;3.14095;1562;3.14159;1562;3.14098;1562;3.12958
1563;3.14223;1563;3.14159;1563;3.14098;1563;3.12958
1564;3.14095;1564;3.14159;1564;3.14098;1564;3.12958
1565;3.14223;1565;3.14159;1565;3.14098;1565;3.12959
1566;3.14095;1566;3.14159;1566;3.14098;1566;3.12959
1567;3.14223;1567;3.14159;1567;3.14098;1567;3.12959
1568;3.14095;1568;3.14159;1568;3.14099;1568;3.12959
1569;3.14223;1569;3.14159;1569;3.14099;1569;3.12959
1570;3.14095;1570;3.14159;1570;3.14099;1570;3.12959
1571;3.14223;1571;3.14159;1571;3.14099;1571;3.12959
1572;3.14095;1572;3.14159;1572;3.14099;1572;3.12959
1573;3.14223;1573;3.14159;1573;3.14099;1573;3.12959
1574;3.14095;1574;3.14159;1574;3.14099;1574;3.12959
1575;3.14223;1575;3.14159;1575;3.14099;1575;3.12959
1576;3.14096;1576;3.14159;1576;3.14099;1576;3.12959
1577;3.14222;1577;3.14159;1577;3.14099;1577;3.12959
1578;3.14096;1578;3.14159;1578;3.14099;1578;3.12959
1579;3.14222;1579;3.14159;1579;3.14099;1579;3.12959
1580;3.14096;1580;3.14159;1580;3.14099;1580;3.12959
1581;3.14222;1581;3.14159;1581;3.14099;1581;3.12959
1582;3.14096;1582;3.14159;1582;3.14099;1582;3.12959
1583;3.14222;1583;3.14159;1583;3.14099;1583;3.12959
1584;3.14096;1584;3.14159;1584;3.14099;1584;3.12959
1585;3.14222;1585;3.14159;1585;3.14099;1585;3.12959
1586;3.14096;1586;3.14159;1586;3.14099;1586;3.12959
1587;3.14222;1587;3.14159;1587;3.14099;1587;3.12959
1588;3.14096;1588;3.14159;1588;3.14099;1588;3.12959
1589;3.14222;1589;3.14159;1589;3.14099;1589;3.12959
1590;3.14096;1590;3.14159;1590;3.14099;1590;3.12959
1591;3.14222;1591;3.14159;1591;3.14099;1591;3.12959
1592;3.14096;1592;3.14159;1592;3.14099;1592;3.12959
1593;3.14222;1593;3.14159;1593;3.14099;1593;3.12959
1594;3.14096;1594;3.14159;1594;3.14099;1594;3.1296
1595;3.14222;1595;3.14159;1595;3.14099;1595;3.1296
1596;3.14096;1596;3.14159;1596;3.14099;1596;3.1296
1597;3.14222;1597;3.14159;1597;3.14099;1597;3.1296
1598;3.14096;1598;3.14159;1598;3.141;1598;3.1296
1599;3.14222;1599;3.14159;1599;3.141;1599;3.1296
1600;3.14096;1600;3.14159;1600;3.141;1600;3.1296
1601;3.14221;1601;3.14159;1601;3.141;1601;3.1296
1602;3.14097;1602;3.14159;1602;3.141;1602;3.1296
1603;3.14221;1603;3.14159;1603;3.141;1603;3.1296
1604;3.14097;1604;3.14159;1604;3.141;1604;3.1296
1605;3.14221;1605;3.14159;1605;3.141;1605;3.1296
1606;3.14097;1606;3.14159;1606;3.141;1606;3.1296
1607;3.14221;1607;3.14159;1607;3.141;1607;3.1296
1608;3.14097;1608;3.14159;1608;3.141;1608;3.1296
1609;3.14221;1609;3.14159;1609;3.141;1609;3.1296
1610;3.14097;1610;3.14159;1610;3.141;1610;3.1296
1611;3.14221;1611;3.14159;1611;3.141;1611;3.1296
1612;3.14097;1612;3.14159;1612;3.141;1612;3.1296
1613;3.14221;1613;3.14159;1613;3.141;1613;3.1296
1614;3.14097;1614;3.14159;1614;3.141;1614;3.1296
1615;3.14221;1615;3.14159;1615;3.141;1615;3.1296
1616;3.14097;1616;3.14159;1616;3.141;1616;3.1296
1617;3.14221;1617;3.14159;1617;3.141;1617;3.1296
1618;3.14097;1618;3.14159;1618;3.141;1618;3.1296
1619;3.14221;1619;3.14159;1619;3.141;1619;3.1296
1620;3.14097;1620;3.14159;1620;3.141;1620;3.1296
1621;3.14221;1621;3.14159;1621;3.141;1621;3.1296
1622;3.14097;1622;3.14159;1622;3.141;1622;3.1296
1623;3.14221;1623;3.14159;1623;3.141;1623;3.1296
1624;3.14097;1624;3.14159;1624;3.141;1624;3.12961
1625;3.14221;1625;3.14159;1625;3.141;1625;3.12961
1626;3.14098;1626;3.14164;1626;3.141;1626;3.12961
1627;3.1422;1627;3.14164;1627;3.14101;1627;3.12961
1628;3.14098;1628;3.14164;1628;3.14101;1628;3.12961
1629;3.1422;1629;3.14164;1629;3.14101;1629;3.12961
1630;3.14098;1630;3.14164;1630;3.14101;1630;3.12961
1631;3.1422;1631;3.14164;1631;3.14101;1631;3.12961
1632;3.14098;1632;3.14164;1632;3.14101;1632;3.12961
1633;3.1422;1633;3.14164;1633;3.14101;1633;3.12961
1634;3.14098;1634;3.14164;1634;3.14101;1634;3.12961
1635;3.1422;1635;3.14164;1635;3.14101;1635;3.12961
1636;3.14098;1636;3.14164;1636;3.14101;1636;3.12961
1637;3.1422;1637;3.14164;1637;3.14101;1637;3.12961
1638;3.14098;1638;3.14164;1638;3.14101;1638;3.12961
1639;3.1422;1639;3.14164;1639;3.14101;1639;3.12961
1640;3.14098;1640;3.14164;1640;3.14101;1640;3.12961
1641;3.1422;1641;3.14164;1641;3.14101;1641;3.12961
1642;3.14098;1642;3.14164;1642;3.14101;1642;3.12961
1643;3.1422;1643;3.14164;1643;3.14101;1643;3.12961
1644;3.14098;1644;3.14164;1644;3.14101;1644;3.12961
1645;3.1422;1645;3.14164;1645;3.14101;1645;3.12961
1646;3.14098;1646;3.14164;1646;3.14101;1646;3.12961
1647;3.1422;1647;3.14164;1647;3.14101;1647;3.12961
1648;3.14098;1648;3.14164;1648;3.14101;1648;3.12961
1649;3.1422;1649;3.14164;1649;3.14101;1649;3.12961
1650;3.14098;1650;3.14164;1650;3.14101;1650;3.12961
1651;3.1422;1651;3.14164;1651;3.14101;1651;3.12961
1652;3.14098;1652;3.14164;1652;3.14101;1652;3.12961
1653;3.14219;1653;3.14164;1653;3.14101;1653;3.12962
1654;3.14099;1654;3.14164;1654;3.14101;1654;3.12962
1655;3.14219;1655;3.14164;1655;3.14101;1655;3.12962
1656;3.14099;1656;3.14164;1656;3.14102;1656;3.12962
1657;3.14219;1657;3.14164;1657;3.14102;1657;3.12962
1658;3.14099;1658;3.14164;1658;3.14102;1658;3.12962
1659;3.14219;1659;3.14164;1659;3.14102;1659;3.12962
1660;3.14099;1660;3.14164;1660;3.14102;1660;3.12962
1661;3.14219;1661;3.14164;1661;3.14102;1661;3.12962
1662;3.14099;1662;3.14164;1662;3.14102;1662;3.12962
1663;3.14219;1663;3.14164;1663;3.14102;1663;3.12962
1664;3.14099;1664;3.14164;1664;3.14102;1664;3.12962
1665;3.14219;1665;3.14164;1665;3.14102;1665;3.12962
1666;3.14099;1666;3.14164;1666;3.14102;1666;3.12962
1667;3.14219;1667;3.14164;1667;3.14102;1667;3.12962
1668;3.14099;1668;3.14164;1668;3.14102;1668;3.12962
1669;3.14219;1669;3.14164;1669;3.14102;1669;3.12962
1670;3.14099;1670;3.14164;1670;3.14102;1670;3.12962
1671;3.14219;1671;3.14164;1671;3.14102;1671;3.12962
1672;3.14099;1672;3.14164;1672;3.14102;1672;3.12962
1673;3.14219;1673;3.14164;1673;3.14102;1673;3.12962
1674;3.14099;1674;3.14164;1674;3.14102;1674;3.12962
1675;3.14219;1675;3.14164;1675;3.14102;1675;3.12962
1676;3.14099;1676;3.14164;1676;3.14102;1676;3.12962
1677;3.14219;1677;3.14164;1677;3.14102;1677;3.12962
1678;3.14099;1678;3.14164;1678;3.14102;1678;3.12962
1679;3.14219;1679;3.14164;1679;3.14102;1679;3.12962
1680;3.14099;1680;3.14164;1680;3.14102;1680;3.12962
1681;3.14218;1681;3.14164;1681;3.14102;1681;3.12962
1682;3.141;1682;3.14164;1682;3.14102;1682;3.12963
1683;3.14218;1683;3.14164;1683;3.14102;1683;3.12963
1684;3.141;1684;3.14164;1684;3.14102;1684;3.12963
1685;3.14218;1685;3.14164;1685;3.14102;1685;3.12963
1686;3.141;1686;3.14164;1686;3.14103;1686;3.12963
1687;3.14218;1687;3.14164;1687;3.14103;1687;3.12963
1688;3.141;1688;3.14164;1688;3.14103;1688;3.12963
1689;3.14218;1689;3.14164;1689;3.14103;1689;3.12963
1690;3.141;1690;3.14164;1690;3.14103;1690;3.12963
1691;3.14218;1691;3.14164;1691;3.14103;1691;3.12963
1692;3.141;1692;3.14164;1692;3.14103;1692;3.12963
1693;3.14218;1693;3.14164;1693;3.14103;1693;3.12963
1694;3.141;1694;3.14164;1694;3.14103;1694;3.12963
1695;3.14218;1695;3.14164;1695;3.14103;1695;3.12963
1696;3.141;1696;3.14164;1696;3.14103;1696;3.12963
1697;3.14218;1697;3.14164;1697;3.14103;1697;3.12963
1698;3.141;1698;3.14164;1698;3.14103;1698;3.12963
1699;3.14218;1699;3.14164;1699;3.14103;1699;3.12963
1700;3.141;1700;3.14164;1700;3.14103;1700;3.12963
1701;3.14218;1701;3.14164;1701;3.14103;1701;3.12963
1702;3.141;1702;3.14164;1702;3.14103;1702;3.12963
1703;3.14218;1703;3.14164;1703;3.14103;1703;3.12963
1704;3.141;1704;3.14164;1704;3.14103;1704;3.12963
1705;3.14218;1705;3.14164;1705;3.14103;1705;3.12963
1706;3.141;1706;3.14164;1706;3.14103;1706;3.12963
1707;3.14218;1707;3.14164;1707;3.14103;1707;3.12963
1708;3.141;1708;3.14164;1708;3.14103;1708;3.12963
1709;3.14217;1709;3.14164;1709;3.14103;1709;3.12963
1710;3.14101;1710;3.14164;1710;3.14103;1710;3.12963
1711;3.14217;1711;3.14164;1711;3.14103;1711;3.12964
1712;3.14101;1712;3.14164;1712;3.14103;1712;3.12964
1713;3.14217;1713;3.14164;1713;3.14103;1713;3.12964
1714;3.14101;1714;3.14164;1714;3.14103;1714;3.12964
1715;3.14217;1715;3.14164;1715;3.14104;1715;3.12964
1716;3.14101;1716;3.14164;1716;3.14104;1716;3.12964
1717;3.14217;1717;3.14164;1717;3.14104;1717;3.12964
1718;3.14101;1718;3.14164;1718;3.14104;1718;3.12964
1719;3.14217;1719;3.14164;1719;3.14104;1719;3.12964
1720;3.14101;1720;3.14164;1720;3.14104;1720;3.12964
1721;3.14217;1721;3.14164;1721;3.14104;1721;3.12964
1722;3.14101;1722;3.14164;1722;3.14104;1722;3.12964
1723;3.14217;1723;3.14164;1723;3.14104;1723;3.12964
1724;3.14101;1724;3.14164;1724;3.14104;1724;3.12964
1725;3.14217;1725;3.14164;1725;3.14104;1725;3.12964
1726;3.14101;1726;3.14164;1726;3.14104;1726;3.12964
1727;3.14217;1727;3.14164;1727;3.14104;1727;3.12964
1728;3.14101;1728;3.14164;1728;3.14104;1728;3.12964
1729;3.14217;1729;3.14164;1729;3.14104;1729;3.12964
1730;3.14101;1730;3.14164;1730;3.14104;1730;3.12964
1731;3.14217;1731;3.14164;1731;3.14104;1731;3.12964
1732;3.14101;1732;3.14164;1732;3.14104;1732;3.12964
1733;3.14217;1733;3.14164;1733;3.14104;1733;3.12964
1734;3.14101;1734;3.14164;1734;3.14104;1734;3.12964
1735;3.14217;1735;3.14164;1735;3.14104;1735;3.12964
1736;3.14101;1736;3.14164;1736;3.14104;1736;3.12964
1737;3.14217;1737;3.14164;1737;3.14104;1737;3.12964
1738;3.14101;1738;3.14164;1738;3.14104;1738;3.12964
1739;3.14216;1739;3.14164;1739;3.14104;1739;3.12964
1740;3.14101;1740;3.14164;1740;3.14104;1740;3.12964
1741;3.14216;1741;3.14164;1741;3.14104;1741;3.12965
1742;3.14102;1742;3.14164;1742;3.14104;1742;3.12965
1743;3.14216;1743;3.14164;1743;3.14104;1743;3.12965
1744;3.14102;1744;3.14164;1744;3.14105;1744;3.12965
1745;3.14216;1745;3.14164;1745;3.14105;1745;3.12965
1746;3.14102;1746;3.14164;1746;3.14105;1746;3.12965
1747;3.14216;1747;3.14164;1747;3.14105;1747;3.12965
1748;3.14102;1748;3.14164;1748;3.14105;1748;3.12965
1749;3.14216;1749;3.14164;1749;3.14105;1749;3.12965
1750;3.14102;1750;3.14164;1750;3.14105;1750;3.12965
1751;3.14216;1751;3.14164;1751;3.14105;1751;3.12965
1752;3.14102;1752;3.14164;1752;3.14105;1752;3.12965
1753;3.14216;1753;3.14164;1753;3.14105;1753;3.12965
1754;3.14102;1754;3.14164;1754;3.14105;1754;3.12965
1755;3.14216;1755;3.14164;1755;3.14105;1755;3.12965
1756;3.14102;1756;3.14164;1756;3.14105;1756;3.12965
1757;3.14216;1757;3.14164;1757;3.14105;1757;3.12965
1758;3.14102;1758;3.14164;1758;3.14105;1758;3.12965
1759;3.14216;1759;3.14164;1759;3.14105;1759;3.12965
1760;3.14102;1760;3.14164;1760;3.14105;1760;3.12965
1761;3.14216;1761;3.14164;1761;3.14105;1761;3.12965
1762;3.14102;1762;3.14164;1762;3.14105;1762;3.12965
1763;3.14216;1763;3.14164;1763;3.14105;1763;3.12965
1764;3.14102;1764;3.14164;1764;3.14105;1764;3.12965
1765;3.14216;1765;3.14164;1765;3.14105;1765;3.12965
1766;3.14102;1766;3.14164;1766;3.14105;1766;3.12965
1767;3.14216;1767;3.14164;1767;3.14105;1767;3.12965
1768;3.14102;1768;3.14164;1768;3.14105;1768;3.12965
1769;3.14216;1769;3.14164;1769;3.14105;1769;3.12965
1770;3.14102;1770;3.14164;1770;3.14105;1770;3.12966
1771;3.14215;1771;3.14164;1771;3.14105;1771;3.12966
1772;3.14103;1772;3.14164;1772;3.14105;1772;3.12966
1773;3.14215;1773;3.14164;1773;3.14105;1773;3.12966
1774;3.14103;1774;3.14164;1774;3.14106;1774;3.12966
1775;3.14215;1775;3.14164;1775;3.14106;1775;3.12966
1776;3.14103;1776;3.14164;1776;3.14106;1776;3.12966
1777;3.14215;1777;3.14164;1777;3.14106;1777;3.12966
1778;3.14103;1778;3.14164;1778;3.14106;1778;3.12966
1779;3.14215;1779;3.14164;1779;3.14106;1779;3.12966
1780;3.14103;1780;3.14164;1780;3.14106;1780;3.12966
1781;3.14215;1781;3.14164;1781;3.14106;1781;3.12966
1782;3.14103;1782;3.14164;1782;3.14106;1782;3.12966
1783;3.14215;1783;3.14164;1783;3.14106;1783;3.12966
1784;3.14103;1784;3.14164;1784;3.14106;1784;3.12966
1785;3.14215;1785;3.14164;1785;3.14106;1785;3.12966
1786;3.14103;1786;3.14164;1786;3.14106;1786;3.12966
1787;3.14215;1787;3.14164;1787;3.14106;1787;3.12966
1788;3.14103;1788;3.14164;1788;3.14106;1788;3.12966
1789;3.14215;1789;3.14164;1789;3.14106;1789;3.12966
1790;3.14103;1790;3.14164;1790;3.14106;1790;3.12966
1791;3.14215;1791;3.14164;1791;3.14106;1791;3.12966
1792;3.14103;1792;3.14164;1792;3.14106;1792;3.12966
1793;3.14215;1793;3.14164;1793;3.14106;1793;3.12966
1794;3.14103;1794;3.14164;1794;3.14106;1794;3.12966
1795;3.14215;1795;3.14164;1795;3.14106;1795;3.12966
1796;3.14103;1796;3.14164;1796;3.14106;1796;3.12966
1797;3.14215;1797;3.14164;1797;3.14106;1797;3.12966
1798;3.14103;1798;3.14164;1798;3.14106;1798;3.12966
1799;3.14215;1799;3.14164;1799;3.14106;1799;3.12967
1800;3.14103;1800;3.14164;1800;3.14106;1800;3.12967
1801;3.14215;1801;3.14164;1801;3.14106;1801;3.12967
1802;3.14104;1802;3.14164;1802;3.14106;1802;3.12967
1803;3.14214;1803;3.14164;1803;3.14107;1803;3.12967
1804;3.14104;1804;3.14164;1804;3.14107;1804;3.12967
1805;3.14214;1805;3.14164;1805;3.14107;1805;3.12967
1806;3.14104;1806;3.14164;1806;3.14107;1806;3.12967
1807;3.14214;1807;3.14164;1807;3.14107;1807;3.12967
1808;3.14104;1808;3.14164;1808;3.14107;1808;3.12967
1809;3.14214;1809;3.14164;1809;3.14107;1809;3.12967
1810;3.14104;1810;3.14164;1810;3.14107;1810;3.12967
1811;3.14214;1811;3.14164;1811;3.14107;1811;3.12967
1812;3.14104;1812;3.14164;1812;3.14107;1812;3.12967
1813;3.14214;1813;3.14164;1813;3.14107;1813;3.12967
1814;3.14104;1814;3.14164;1814;3.14107;1814;3.12967
1815;3.14214;1815;3.14164;1815;3.14107;1815;3.12967
1816;3.14104;1816;3.14164;1816;3.14107;1816;3.12967
1817;3.14214;1817;3.14164;1817;3.14107;1817;3.12967
1818;3.14104;1818;3.14164;1818;3.14107;1818;3.12967
1819;3.14214;1819;3.14164;1819;3.14107;1819;3.12967
1820;3.14104;1820;3.14164;1820;3.14107;1820;3.12967
1821;3.14214;1821;3.14164;1821;3.14107;1821;3.12967
1822;3.14104;1822;3.14164;1822;3.14107;1822;3.12967
1823;3.14214;1823;3.14164;1823;3.14107;1823;3.12967
1824;3.14104;1824;3.14164;1824;3.14107;1824;3.12967
1825;3.14214;1825;3.14164;1825;3.14107;1825;3.12967
1826;3.14104;1826;3.14164;1826;3.14107;1826;3.12967
1827;3.14214;1827;3.14164;1827;3.14107;1827;3.12967
1828;3.14104;1828;3.14164;1828;3.14107;1828;3.12968
1829;3.14214;1829;3.14164;1829;3.14107;1829;3.12968
1830;3.14104;1830;3.14164;1830;3.14107;1830;3.12968
1831;3.14214;1831;3.14164;1831;3.14107;1831;3.12968
1832;3.14104;1832;3.14164;1832;3.14107;1832;3.12968
1833;3.14214;1833;3.14164;1833;3.14108;1833;3.12968
1834;3.14105;1834;3.14164;1834;3.14108;1834;3.12968
1835;3.14214;1835;3.14164;1835;3.14108;1835;3.12968
1836;3.14105;1836;3.14164;1836;3.14108;1836;3.12968
1837;3.14214;1837;3.14164;1837;3.14108;1837;3.12968
1838;3.14105;1838;3.14164;1838;3.14108;1838;3.12968
1839;3.14213;1839;3.14164;1839;3.14108;1839;3.12968
1840;3.14105;1840;3.14164;1840;3.14108;1840;3.12968
1841;3.14213;1841;3.14164;1841;3.14108;1841;3.12968
1842;3.14105;1842;3.14164;1842;3.14108;1842;3.12968
1843;3.14213;1843;3.14164;1843;3.14108;1843;3.12968
1844;3.14105;1844;3.14164;1844;3.14108;1844;3.12968
1845;3.14213;1845;3.14164;1845;3.14108;1845;3.12968
1846;3.14105;1846;3.14164;1846;3.14108;1846;3.12968
1847;3.14213;1847;3.14164;1847;3.14108;1847;3.12968
1848;3.14105;1848;3.14164;1848;3.14108;1848;3.12968
1849;3.14213;1849;3.14164;1849;3.14108;1849;3.12968
1850;3.14105;1850;3.14164;1850;3.14108;1850;3.12968
1851;3.14213;1851;3.14164;1851;3.14108;1851;3.12968
1852;3.14105;1852;3.14164;1852;3.14108;1852;3.12968
1853;3.14213;1853;3.14164;1853;3.14108;1853;3.12968
1854;3.14105;1854;3.14164;1854;3.14108;1854;3.12968
1855;3.14213;1855;3.14164;1855;3.14108;1855;3.12968
1856;3.14105;1856;3.14164;1856;3.14108;1856;3.12968
1857;3.14213;1857;3.14164;1857;3.14108;1857;3.12968
1858;3.14105;1858;3.14164;1858;3.14108;1858;3.12968
1859;3.14213;1859;3.14164;1859;3.14108;1859;3.12968
1860;3.14105;1860;3.14164;1860;3.14108;1860;3.12968
1861;3.14213;1861;3.14164;1861;3.14108;1861;3.12968
1862;3.14105;1862;3.14164;1862;3.14108;1862;3.12968
1863;3.14213;1863;3.14164;1863;3.14108;1863;3.12968
1864;3.14105;1864;3.14164;1864;3.14108;1864;3.12968
1865;3.14213;1865;3.14164;1865;3.14108;1865;3.12968
1866;3.14106;1866;3.14164;1866;3.14108;1866;3.12968
1867;3.14213;1867;3.14164;1867;3.14108;1867;3.12968
1868;3.14106;1868;3.14164;1868;3.14108;1868;3.12968
1869;3.14213;1869;3.14164;1869;3.14108;1869;3.12968
1870;3.14106;1870;3.14164;1870;3.14108;1870;3.12969
1871;3.14213;1871;3.14164;1871;3.14108;1871;3.12969
1872;3.14106;1872;3.14164;1872;3.14108;1872;3.12969
1873;3.14213;1873;3.14164;1873;3.14108;1873;3.12969
1874;3.14106;1874;3.14164;1874;3.14108;1874;3.12969
1875;3.14212;1875;3.14164;1875;3.14108;1875;3.12969
1876;3.14106;1876;3.14164;1876;3.14108;1876;3.12969
1877;3.14212;1877;3.14164;1877;3.14109;1877;3.12969
1878;3.14106;1878;3.14164;1878;3.14109;1878;3.12969
1879;3.14212;1879;3.14164;1879;3.14109;1879;3.12969
1880;3.14106;1880;3.14164;1880;3.14109;1880;3.12969
1881;3.14212;1881;3.14164;1881;3.14109;1881;3.12969
1882;3.14106;1882;3.14164;1882;3.14109;1882;3.12969
1883;3.14212;1883;3.14164;1883;3.14109;1883;3.12969
1884;3.14106;1884;3.14164;1884;3.14109;1884;3.12969
1885;3.14212;1885;3.14164;1885;3.14109;1885;3.12969
1886;3.14106;1886;3.14164;1886;3.14109;1886;3.12969
1887;3.14212;1887;3.14164;1887;3.14109;1887;3.12969
1888;3.14106;1888;3.14164;1888;3.14109;1888;3.12969
1889;3.14212;1889;3.14164;1889;3.14109;1889;3.12969
1890;3.14106;1890;3.14164;1890;3.14109;1890;3.12969
1891;3.14212;1891;3.14164;1891;3.14109;1891;3.12969
1892;3.14106;1892;3.14164;1892;3.14109;1892;3.12969
1893;3.14212;1893;3.14164;1893;3.14109;1893;3.12969
1894;3.14106;1894;3.14164;1894;3.14109;1894;3.12969
1895;3.14212;1895;3.14164;1895;3.14109;1895;3.12969
1896;3.14106;1896;3.14164;1896;3.14109;1896;3.12969
1897;3.14212;1897;3.14164;1897;3.14109;1897;3.12969
1898;3.14106;1898;3.14164;1898;3.14109;1898;3.12969
1899;3.14212;1899;3.14164;1899;3.14109;1899;3.12969
1900;3.14106;1900;3.14164;1900;3.14109;1900;3.12969
1901;3.14212;1901;3.14164;1901;3.14109;1901;3.12969
1902;3.14107;1902;3.14164;1902;3.14109;1902;3.12969
1903;3.14212;1903;3.14164;1903;3.14109;1903;3.12969
1904;3.14107;1904;3.14164;1904;3.14109;1904;3.12969
1905;3.14212;1905;3.14164;1905;3.14109;1905;3.12969
1906;3.14107;1906;3.14164;1906;3.14109;1906;3.12969
1907;3.14212;1907;3.14164;1907;3.14109;1907;3.12969
1908;3.14107;1908;3.14164;1908;3.14109;1908;3.12969
1909;3.14211;1909;3.14164;1909;3.14109;1909;3.12969
1910;3.14107;1910;3.14164;1910;3.14109;1910;3.12969
1911;3.14211;1911;3.14164;1911;3.14109;1911;3.12969
1912;3.14107;1912;3.14164;1912;3.14109;1912;3.12969
1913;3.14211;1913;3.14164;1913;3.14109;1913;3.12969
1914;3.14107;1914;3.14164;1914;3.14109;1914;3.1297
1915;3.14211;1915;3.14164;1915;3.14109;1915;3.1297
1916;3.14107;1916;3.14164;1916;3.14109;1916;3.1297
1917;3.14211;1917;3.14164;1917;3.14109;1917;3.1297
1918;3.14107;1918;3.14164;1918;3.14109;1918;3.1297
1919;3.14211;1919;3.14164;1919;3.14109;1919;3.1297
1920;3.14107;1920;3.14164;1920;3.14109;1920;3.1297
1921;3.14211;1921;3.14164;1921;3.1411;1921;3.1297
1922;3.14107;1922;3.14164;1922;3.1411;1922;3.1297
1923;3.14211;1923;3.14164;1923;3.1411;1923;3.1297
1924;3.14107;1924;3.14164;1924;3.1411;1924;3.1297
1925;3.14211;1925;3.14164;1925;3.1411;1925;3.1297
1926;3.14107;1926;3.14164;1926;3.1411;1926;3.1297
1927;3.14211;1927;3.14164;1927;3.1411;1927;3.1297
1928;3.14107;1928;3.14164;1928;3.1411;1928;3.1297
1929;3.14211;1929;3.14164;1929;3.1411;1929;3.1297
1930;3.14107;1930;3.14164;1930;3.1411;1930;3.1297
1931;3.14211;1931;3.14164;1931;3.1411;1931;3.1297
1932;3.14107;1932;3.14164;1932;3.1411;1932;3.1297
1933;3.14211;1933;3.14164;1933;3.1411;1933;3.1297
1934;3.14107;1934;3.14164;1934;3.1411;1934;3.1297
1935;3.14211;1935;3.14164;1935;3.1411;1935;3.1297
1936;3.14107;1936;3.14164;1936;3.1411;1936;3.1297
1937;3.14211;1937;3.14164;1937;3.1411;1937;3.1297
1938;3.14107;1938;3.14164;1938;3.1411;1938;3.1297
1939;3.14211;1939;3.14164;1939;3.1411;1939;3.1297
1940;3.14108;1940;3.14164;1940;3.1411;1940;3.1297
1941;3.14211;1941;3.14164;1941;3.1411;1941;3.1297
1942;3.14108;1942;3.14164;1942;3.1411;1942;3.1297
1943;3.14211;1943;3.14164;1943;3.1411;1943;3.1297
1944;3.14108;1944;3.14164;1944;3.1411;1944;3.1297
1945;3.1421;1945;3.14164;1945;3.1411;1945;3.1297
1946;3.14108;1946;3.14164;1946;3.1411;1946;3.1297
1947;3.1421;1947;3.14164;1947;3.1411;1947;3.1297
1948;3.14108;1948;3.14164;1948;3.1411;1948;3.1297
1949;3.1421;1949;3.14164;1949;3.1411;1949;3.1297
1950;3.14108;1950;3.14164;1950;3.1411;1950;3.1297
1951;3.1421;1951;3.14164;1951;3.1411;1951;3.1297
1952;3.14108;1952;3.14164;1952;3.1411;1952;3.1297
1953;3.1421;1953;3.14164;1953;3.1411;1953;3.1297
1954;3.14108;1954;3.14164;1954;3.1411;1954;3.1297
1955;3.1421;1955;3.14164;1955;3.1411;1955;3.1297
1956;3.14108;1956;3.14164;1956;3.1411;1956;3.1297
1957;3.1421;1957;3.14164;1957;3.1411;1957;3.1297
1958;3.14108;1958;3.14164;1958;3.1411;1958;3.12971
1959;3.1421;1959;3.14164;1959;3.1411;1959;3.12971
1960;3.14108;1960;3.14164;1960;3.1411;1960;3.12971
1961;3.1421;1961;3.14164;1961;3.1411;1961;3.12971
1962;3.14108;1962;3.14164;1962;3.1411;1962;3.12971
1963;3.1421;1963;3.14164;1963;3.1411;1963;3.12971
1964;3.14108;1964;3.14164;1964;3.1411;1964;3.12971
1965;3.1421;1965;3.14164;1965;3.14111;1965;3.12971
1966;3.14108;1966;3.14164;1966;3.14111;1966;3.12971
1967;3.1421;1967;3.14164;1967;3.14111;1967;3.12971
1968;3.14108;1968;3.14164;1968;3.14111;1968;3.12971
1969;3.1421;1969;3.14164;1969;3.14111;1969;3.12971
1970;3.14108;1970;3.14164;1970;3.14111;1970;3.12971
1971;3.1421;1971;3.14164;1971;3.14111;1971;3.12971
1972;3.14108;1972;3.14164;1972;3.14111;1972;3.12971
1973;3.1421;1973;3.14164;1973;3.14111;1973;3.12971
1974;3.14108;1974;3.14164;1974;3.14111;1974;3.12971
1975;3.1421;1975;3.14164;1975;3.14111;1975;3.12971
1976;3.14108;1976;3.14164;1976;3.14111;1976;3.12971
1977;3.1421;1977;3.14164;1977;3.14111;1977;3.12971
1978;3.14108;1978;3.14164;1978;3.14111;1978;3.12971
1979;3.1421;1979;3.14164;1979;3.14111;1979;3.12971
1980;3.14109;1980;3.14164;1980;3.14111;1980;3.12971
1981;3.1421;1981;3.14164;1981;3.14111;1981;3.12971
1982;3.14109;1982;3.14164;1982;3.14111;1982;3.12971
1983;3.14209;1983;3.14164;1983;3.14111;1983;3.12971
1984;3.14109;1984;3.14164;1984;3.14111;1984;3.12971
1985;3.14209;1985;3.14164;1985;3.14111;1985;3.12971
1986;3.14109;1986;3.14164;1986;3.14111;1986;3.12971
1987;3.14209;1987;3.14164;1987;3.14111;1987;3.12971
1988;3.14109;1988;3.14164;1988;3.14111;1988;3.12971
1989;3.14209;1989;3.14164;1989;3.14111;1989;3.12971
1990;3.14109;1990;3.14164;1990;3.14111;1990;3.12971
1991;3.14209;1991;3.14164;1991;3.14111;1991;3.12971
1992;3.14109;1992;3.14164;1992;3.14111;1992;3.12971
1993;3.14209;1993;3.14164;1993;3.14111;1993;3.12971
1994;3.14109;1994;3.14164;1994;3.14111;1994;3.12971
1995;3.14209;1995;3.14164;1995;3.14111;1995;3.12971
1996;3.14109;1996;3.14164;1996;3.14111;1996;3.12971
1997;3.14209;1997;3.14164;1997;3.14111;1997;3.12971
1998;3.14109;1998;3.14164;1998;3.14111;1998;3.12971
1999;3.14209;1999;3.14164;1999;3.14111;1999;3.12971
2000;3.14109;2000;3.14164;2000;3.14111;2000;3.12971
2001;3.14209;2001;3.14164;2001;3.14111;2001;3.12971
2002;3.14109;2002;3.14164;2002;3.14111;2002;3.12972
2003;3.14209;2003;3.14164;2003;3.14111;2003;3.12972
2004;3.14109;2004;3.14164;2004;3.14111;2004;3.12972
2005;3.14209;2005;3.14164;2005;3.14111;2005;3.12972
2006;3.14109;2006;3.14164;2006;3.14111;2006;3.12972
2007;3.14209;2007;3.14164;2007;3.14111;2007;3.12972
2008;3.14109;2008;3.14164;2008;3.14111;2008;3.12972
2009;3.14209;2009;3.14164;2009;3.14112;2009;3.12972
2010;3.14109;2010;3.14164;2010;3.14112;2010;3.12972
2011;3.14209;2011;3.14164;2011;3.14112;2011;3.12972
2012;3.14109;2012;3.14164;2012;3.14112;2012;3.12972
2013;3.14209;2013;3.14164;2013;3.14112;2013;3.12972
2014;3.14109;2014;3.14164;2014;3.14112;2014;3.12972
2015;3.14209;2015;3.14164;2015;3.14112;2015;3.12972
2016;3.14109;2016;3.14164;2016;3.14112;2016;3.12972
2017;3.14209;2017;3.14164;2017;3.14112;2017;3.12972
2018;3.14109;2018;3.14164;2018;3.14112;2018;3.12972
2019;3.14209;2019;3.14164;2019;3.14112;2019;3.12972
2020;3.1411;2020;3.14164;2020;3.14112;2020;3.12972
2021;3.14209;2021;3.14164;2021;3.14112;2021;3.12972
2022;3.1411;2022;3.14164;2022;3.14112;2022;3.12972
2023;3.14208;2023;3.14164;2023;3.14112;2023;3.12972
2024;3.1411;2024;3.14164;2024;3.14112;2024;3.12972
2025;3.14208;2025;3.14164;2025;3.14112;2025;3.12972
2026;3.1411;2026;3.14164;2026;3.14112;2026;3.12972
2027;3.14208;2027;3.14164;2027;3.14112;2027;3.12972
2028;3.1411;2028;3.14164;2028;3.14112;2028;3.12972
2029;3.14208;2029;3.14164;2029;3.14112;2029;3.12972
2030;3.1411;2030;3.14164;2030;3.14112;2030;3.12972
2031;3.14208;2031;3.14164;2031;3.14112;2031;3.12972
2032;3.1411;2032;3.14164;2032;3.14112;2032;3.12972
2033;3.14208;2033;3.14164;2033;3.14112;2033;3.12972
2034;3.1411;2034;3.14164;2034;3.14112;2034;3.12972
2035;3.14208;2035;3.14164;2035;3.14112;2035;3.12972
2036;3.1411;2036;3.14164;2036;3.14112;2036;3.12972
2037;3.14208;2037;3.14164;2037;3.14112;2037;3.12972
2038;3.1411;2038;3.14164;2038;3.14112;2038;3.12972
2039;3.14208;2039;3.14164;2039;3.14112;2039;3.12972
2040;3.1411;2040;3.14164;2040;3.14112;2040;3.12972
2041;3.14208;2041;3.14164;2041;3.14112;2041;3.12972
2042;3.1411;2042;3.14164;2042;3.14112;2042;3.12972
2043;3.14208;2043;3.14164;2043;3.14112;2043;3.12972
2044;3.1411;2044;3.14164;2044;3.14112;2044;3.12972
2045;3.14208;2045;3.14164;2045;3.14112;2045;3.12973
2046;3.1411;2046;3.14164;2046;3.14112;2046;3.12973
2047;3.14208;2047;3.14164;2047;3.14112;2047;3.12973
2048;3.1411;2048;3.14164;2048;3.14112;2048;3.12973
2049;3.14208;2049;3.14164;2049;3.14112;2049;3.12973
2050;3.1411;2050;3.14164;2050;3.14112;2050;3.12973
2051;3.14208;2051;3.14164;2051;3.14112;2051;3.12973
2052;3.1411;2052;3.14164;2052;3.14113;2052;3.12973
2053;3.14208;2053;3.14164;2053;3.14113;2053;3.12973
2054;3.1411;2054;3.14164;2054;3.14113;2054;3.12973
2055;3.14208;2055;3.14164;2055;3.14113;2055;3.12973
2056;3.1411;2056;3.14164;2056;3.14113;2056;3.12973
2057;3.14208;2057;3.14164;2057;3.14113;2057;3.12973
2058;3.1411;2058;3.14164;2058;3.14113;2058;3.12973
2059;3.14208;2059;3.14164;2059;3.14113;2059;3.12973
2060;3.14111;2060;3.14164;2060;3.14113;2060;3.12973
2061;3.14208;2061;3.14164;2061;3.14113;2061;3.12973
2062;3.14111;2062;3.14164;2062;3.14113;2062;3.12973
2063;3.14208;2063;3.14164;2063;3.14113;2063;3.12973
2064;3.14111;2064;3.14164;2064;3.14113;2064;3.12973
2065;3.14207;2065;3.14164;2065;3.14113;2065;3.12973
2066;3.14111;2066;3.14164;2066;3.14113;2066;3.12973
2067;3.14207;2067;3.14164;2067;3.14113;2067;3.12973
2068;3.14111;2068;3.14164;2068;3.14113;2068;3.12973
2069;3.14207;2069;3.14164;2069;3.14113;2069;3.12973
2070;3.14111;2070;3.14164;2070;3.14113;2070;3.12973
2071;3.14207;2071;3.14164;2071;3.14113;2071;3.12973
2072;3.14111;2072;3.14164;2072;3.14113;2072;3.12973
2073;3.14207;2073;3.14164;2073;3.14113;2073;3.12973
2074;3.14111;2074;3.14164;2074;3.14113;2074;3.12973
2075;3.14207;2075;3.14164;2075;3.14113;2075;3.12973
2076;3.14111;2076;3.14164;2076;3.14113;2076;3.12973
2077;3.14207;2077;3.14164;2077;3.14113;2077;3.12973
2078;3.14111;2078;3.14164;2078;3.14113;2078;3.12973
2079;3.14207;2079;3.14164;2079;3.14113;2079;3.12973
2080;3.14111;2080;3.14164;2080;3.14113;2080;3.12973
2081;3.14207;2081;3.14164;2081;3.14113;2081;3.12973
2082;3.14111;2082;3.14164;2082;3.14113;2082;3.12973
2083;3.14207;2083;3.14164;2083;3.14113;2083;3.12973
2084;3.14111;2084;3.14164;2084;3.14113;2084;3.12973
2085;3.14207;2085;3.14164;2085;3.14113;2085;3.12973
2086;3.14111;2086;3.14164;2086;3.14113;2086;3.12973
2087;3.14207;2087;3.14164;2087;3.14113;2087;3.12973
2088;3.14111;2088;3.14164;2088;3.14113;2088;3.12973
2089;3.14207;2089;3.14164;2089;3.14113;2089;3.12974
2090;3.14111;2090;3.14164;2090;3.14113;2090;3.12974
2091;3.14207;2091;3.14164;2091;3.14113;2091;3.12974
2092;3.14111;2092;3.14164;2092;3.14113;2092;3.12974
2093;3.14207;2093;3.14164;2093;3.14113;2093;3.12974
2094;3.14111;2094;3.14164;2094;3.14113;2094;3.12974
2095;3.14207;2095;3.14164;2095;3.14113;2095;3.12974
2096;3.14111;2096;3.14164;2096;3.14114;2096;3.12974
2097;3.14207;2097;3.14164;2097;3.14114;2097;3.12974
2098;3.14111;2098;3.14164;2098;3.14114;2098;3.12974
2099;3.14207;2099;3.14164;2099;3.14114;2099;3.12974
2100;3.14111;2100;3.14164;2100;3.14114;2100;3.12974
2101;3.14207;2101;3.14164;2101;3.14114;2101;3.12974
2102;3.14111;2102;3.14164;2102;3.14114;2102;3.12974
2103;3.14207;2103;3.14164;2103;3.14114;2103;3.12974
2104;3.14112;2104;3.14164;2104;3.14114;2104;3.12974
2105;3.14207;2105;3.14164;2105;3.14114;2105;3.12974
2106;3.14112;2106;3.14164;2106;3.14114;2106;3.12974
2107;3.14207;2107;3.14164;2107;3.14114;2107;3.12974
2108;3.14112;2108;3.14164;2108;3.14114;2108;3.12974
2109;3.14206;2109;3.14164;2109;3.14114;2109;3.12974
2110;3.14112;2110;3.14164;2110;3.14114;2110;3.12974
2111;3.14206;2111;3.14164;2111;3.14114;2111;3.12974
2112;3.14112;2112;3.14164;2112;3.14114;2112;3.12974
2113;3.14206;2113;3.14164;2113;3.14114;2113;3.12974
2114;3.14112;2114;3.14164;2114;3.14114;2114;3.12974
2115;3.14206;2115;3.14164;2115;3.14114;2115;3.12974
2116;3.14112;2116;3.14164;2116;3.14114;2116;3.12974
2117;3.14206;2117;3.14164;2117;3.14114;2117;3.12974
2118;3.14112;2118;3.14164;2118;3.14114;2118;3.12974
2119;3.14206;2119;3.14164;2119;3.14114;2119;3.12974
2120;3.14112;2120;3.14164;2120;3.14114;2120;3.12974
2121;3.14206;2121;3.14164;2121;3.14114;2121;3.12974
2122;3.14112;2122;3.14164;2122;3.14114;2122;3.12974
2123;3.14206;2123;3.14164;2123;3.14114;2123;3.12974
2124;3.14112;2124;3.14164;2124;3.14114;2124;3.12974
2125;3.14206;2125;3.14164;2125;3.14114;2125;3.12974
2126;3.14112;2126;3.14164;2126;3.14114;2126;3.12974
2127;3.14206;2127;3.14164;2127;3.14114;2127;3.12974
2128;3.14112;2128;3.14164;2128;3.14114;2128;3.12974
2129;3.14206;2129;3.14164;2129;3.14114;2129;3.12974
2130;3.14112;2130;3.14164;2130;3.14114;2130;3.12974
2131;3.14206;2131;3.14164;2131;3.14114;2131;3.12974
2132;3.14112;2132;3.14164;2132;3.14114;2132;3.12975
2133;3.14206;2133;3.14164;2133;3.14114;2133;3.12975
2134;3.14112;2134;3.14164;2134;3.14114;2134;3.12975
2135;3.14206;2135;3.14164;2135;3.14114;2135;3.12975
2136;3.14112;2136;3.14164;2136;3.14114;2136;3.12975
2137;3.14206;2137;3.14164;2137;3.14114;2137;3.12975
2138;3.14112;2138;3.14164;2138;3.14114;2138;3.12975
2139;3.14206;2139;3.14164;2139;3.14114;2139;3.12975
2140;3.14112;2140;3.14164;2140;3.14115;2140;3.12975
2141;3.14206;2141;3.14164;2141;3.14115;2141;3.12975
2142;3.14112;2142;3.14164;2142;3.14115;2142;3.12975
2143;3.14206;2143;3.14164;2143;3.14115;2143;3.12975
2144;3.14112;2144;3.14164;2144;3.14115;2144;3.12975
2145;3.14206;2145;3.14164;2145;3.14115;2145;3.12975
2146;3.14112;2146;3.14164;2146;3.14115;2146;3.12975
2147;3.14206;2147;3.14164;2147;3.14115;2147;3.12975
2148;3.14112;2148;3.14164;2148;3.14115;2148;3.12975
2149;3.14206;2149;3.14164;2149;3.14115;2149;3.12975
2150;3.14112;2150;3.14164;2150;3.14115;2150;3.12975
2151;3.14206;2151;3.14164;2151;3.14115;2151;3.12975
2152;3.14113;2152;3.14164;2152;3.14115;2152;3.12975
2153;3.14205;2153;3.14164;2153;3.14115;2153;3.12975
2154;3.14113;2154;3.14164;2154;3.14115;2154;3.12975
2155;3.14205;2155;3.14164;2155;3.14115;2155;3.12975
2156;3.14113;2156;3.14164;2156;3.14115;2156;3.12975
2157;3.14205;2157;3.14164;2157;3.14115;2157;3.12975
2158;3.14113;2158;3.14164;2158;3.14115;2158;3.12975
2159;3.14205;2159;3.14164;2159;3.14115;2159;3.12975
2160;3.14113;2160;3.14164;2160;3.14115;2160;3.12975
2161;3.14205;2161;3.14164;2161;3.14115;2161;3.12975
2162;3.14113;2162;3.14164;2162;3.14115;2162;3.12975
2163;3.14205;2163;3.14164;2163;3.14115;2163;3.12975
2164;3.14113;2164;3.14164;2164;3.14115;2164;3.12975
2165;3.14205;2165;3.14164;2165;3.14115;2165;3.12975
2166;3.14113;2166;3.14164;2166;3.14115;2166;3.12975
2167;3.14205;2167;3.14164;2167;3.14115;2167;3.12975
2168;3.14113;2168;3.14164;2168;3.14115;2168;3.12975
2169;3.14205;2169;3.14164;2169;3.14115;2169;3.12975
2170;3.14113;2170;3.14164;2170;3.14115;2170;3.12975
2171;3.14205;2171;3.14164;2171;3.14115;2171;3.12975
2172;3.14113;2172;3.14164;2172;3.14115;2172;3.12975
2173;3.14205;2173;3.14164;2173;3.14115;2173;3.12975
2174;3.14113;2174;3.14164;2174;3.14115;2174;3.12975
2175;3.14205;2175;3.14164;2175;3.14115;2175;3.12975
2176;3.14113;2176;3.14164;2176;3.14115;2176;3.12976
2177;3.14205;2177;3.14164;2177;3.14115;2177;3.12976
2178;3.14113;2178;3.14164;2178;3.14115;2178;3.12976
2179;3.14205;2179;3.14164;2179;3.14115;2179;3.12976
2180;3.14113;2180;3.14164;2180;3.14115;2180;3.12976
2181;3.14205;2181;3.14164;2181;3.14115;2181;3.12976
2182;3.14113;2182;3.14164;2182;3.14115;2182;3.12976
2183;3.14205;2183;3.14164;2183;3.14115;2183;3.12976
2184;3.14113;2184;3.14164;2184;3.14116;2184;3.12976
2185;3.14205;2185;3.14164;2185;3.14116;2185;3.12976
2186;3.14113;2186;3.14164;2186;3.14116;2186;3.12976
2187;3.14205;2187;3.14164;2187;3.14116;2187;3.12976
2188;3.14113;2188;3.14164;2188;3.14116;2188;3.12976
2189;3.14205;2189;3.14164;2189;3.14116;2189;3.12976
2190;3.14113;2190;3.14164;2190;3.14116;2190;3.12976
2191;3.14205;2191;3.14164;2191;3.14116;2191;3.12976
2192;3.14113;2192;3.14164;2192;3.14116;2192;3.12976
2193;3.14205;2193;3.14164;2193;3.14116;2193;3.12976
2194;3.14113;2194;3.14164;2194;3.14116;2194;3.12976
2195;3.14205;2195;3.14164;2195;3.14116;2195;3.12976
2196;3.14114;2196;3.14164;2196;3.14116;2196;3.12976
2197;3.14205;2197;3.14164;2197;3.14116;2197;3.12976
2198;3.14114;2198;3.14164;2198;3.14116;2198;3.12976
2199;3.14205;2199;3.14164;2199;3.14116;2199;3.12976
2200;3.14114;2200;3.14164;2200;3.14116;2200;3.12976
2201;3.14205;2201;3.14164;2201;3.14116;2201;3.12976
2202;3.14114;2202;3.14164;2202;3.14116;2202;3.12976
2203;3.14205;2203;3.14164;2203;3.14116;2203;3.12976
2204;3.14114;2204;3.14164;2204;3.14116;2204;3.12976
2205;3.14204;2205;3.14164;2205;3.14116;2205;3.12976
2206;3.14114;2206;3.14164;2206;3.14116;2206;3.12976
2207;3.14204;2207;3.14164;2207;3.14116;2207;3.12976
2208;3.14114;2208;3.14164;2208;3.14116;2208;3.12976
2209;3.14204;2209;3.14164;2209;3.14116;2209;3.12976
2210;3.14114;2210;3.14164;2210;3.14116;2210;3.12976
2211;3.14204;2211;3.14164;2211;3.14116;2211;3.12976
2212;3.14114;2212;3.14164;2212;3.14116;2212;3.12976
2213;3.14204;2213;3.14164;2213;3.14116;2213;3.12976
2214;3.14114;2214;3.14164;2214;3.14116;2214;3.12976
2215;3.14204;2215;3.14164;2215;3.14116;2215;3.12976
2216;3.14114;2216;3.14164;2216;3.14116;2216;3.12976
2217;3.14204;2217;3.14164;2217;3.14116;2217;3.12976
2218;3.14114;2218;3.14164;2218;3.14116;2218;3.12976
2219;3.14204;2219;3.14164;2219;3.14116;2219;3.12976
2220;3.14114;2220;3.14164;2220;3.14116;2220;3.12977
2221;3.14204;2221;3.14164;2221;3.14116;2221;3.12977
2222;3.14114;2222;3.14164;2222;3.14116;2222;3.12977
2223;3.14204;2223;3.14164;2223;3.14116;2223;3.12977
2224;3.14114;2224;3.14164;2224;3.14116;2224;3.12977
2225;3.14204;2225;3.14164;2225;3.14116;2225;3.12977
2226;3.14114;2226;3.14164;2226;3.14116;2226;3.12977
2227;3.14204;2227;3.14164;2227;3.14116;2227;3.12977
2228;3.14114;2228;3.14164;2228;3.14117;2228;3.12977
2229;3.14204;2229;3.14164;2229;3.14117;2229;3.12977
2230;3.14114;2230;3.14164;2230;3.14117;2230;3.12977
2231;3.14204;2231;3.14164;2231;3.14117;2231;3.12977
2232;3.14114;2232;3.14164;2232;3.14117;2232;3.12977
2233;3.14204;2233;3.14164;2233;3.14117;2233;3.12977
2234;3.14114;2234;3.14164;2234;3.14117;2234;3.12977
2235;3.14204;2235;3.14164;2235;3.14117;2235;3.12977
2236;3.14114;2236;3.14164;2236;3.14117;2236;3.12977
2237;3.14204;2237;3.14164;2237;3.14117;2237;3.12977
2238;3.14114;2238;3.14164;2238;3.14117;2238;3.12977
2239;3.14204;2239;3.14164;2239;3.14117;2239;3.12977
2240;3.14114;2240;3.14164;2240;3.14117;2240;3.12977
2241;3.14204;2241;3.14164;2241;3.14117;2241;3.12977
2242;3.14114;2242;3.14164;2242;3.14117;2242;3.12977
2243;3.14204;2243;3.14164;2243;3.14117;2243;3.12977
2244;3.14115;2244;3.14164;2244;3.14117;2244;3.12977
2245;3.14204;2245;3.14164;2245;3.14117;2245;3.12977
2246;3.14115;2246;3.14164;2246;3.14117;2246;3.12977
2247;3.14204;2247;3.14164;2247;3.14117;2247;3.12977
2248;3.14115;2248;3.14164;2248;3.14117;2248;3.12977
2249;3.14204;2249;3.14164;2249;3.14117;2249;3.12977
2250;3.14115;2250;3.14164;2250;3.14117;2250;3.12977
2251;3.14204;2251;3.14164;2251;3.14117;2251;3.12977
2252;3.14115;2252;3.14164;2252;3.14117;2252;3.12977
2253;3.14203;2253;3.14164;2253;3.14117;2253;3.12977
2254;3.14115;2254;3.14164;2254;3.14117;2254;3.12977
2255;3.14203;2255;3.14164;2255;3.14117;2255;3.12977
2256;3.14115;2256;3.14164;2256;3.14117;2256;3.12977
2257;3.14203;2257;3.14164;2257;3.14117;2257;3.12977
2258;3.14115;2258;3.14164;2258;3.14117;2258;3.12977
2259;3.14203;2259;3.14164;2259;3.14117;2259;3.12977
2260;3.14115;2260;3.14164;2260;3.14117;2260;3.12977
2261;3.14203;2261;3.14164;2261;3.14117;2261;3.12977
2262;3.14115;2262;3.14164;2262;3.14117;2262;3.12977
2263;3.14203;2263;3.14164;2263;3.14117;2263;3.12978
2264;3.14115;2264;3.14164;2264;3.14117;2264;3.12978
2265;3.14203;2265;3.14164;2265;3.14117;2265;3.12978
2266;3.14115;2266;3.14164;2266;3.14117;2266;3.12978
2267;3.14203;2267;3.14164;2267;3.14117;2267;3.12978
2268;3.14115;2268;3.14164;2268;3.14117;2268;3.12978
2269;3.14203;2269;3.14164;2269;3.14117;2269;3.12978
2270;3.14115;2270;3.14164;2270;3.14117;2270;3.12978
2271;3.14203;2271;3.14164;2271;3.14117;2271;3.12978
2272;3.14115;2272;3.14164;2272;3.14118;2272;3.12978
2273;3.14203;2273;3.14164;2273;3.14118;2273;3.12978
2274;3.14115;2274;3.14164;2274;3.14118;2274;3.12978
2275;3.14203;2275;3.14164;2275;3.14118;2275;3.12978
2276;3.14115;2276;3.14164;2276;3.14118;2276;3.12978
2277;3.14203;2277;3.14164;2277;3.14118;2277;3.12978
2278;3.14115;2278;3.14164;2278;3.14118;2278;3.12978
2279;3.14203;2279;3.14164;2279;3.14118;2279;3.12978
2280;3.14115;2280;3.14164;2280;3.14118;2280;3.12978
2281;3.14203;2281;3.14164;2281;3.14118;2281;3.12978
2282;3.14115;2282;3.14164;2282;3.14118;2282;3.12978
2283;3.14203;2283;3.14164;2283;3.14118;2283;3.12978
2284;3.14115;2284;3.14164;2284;3.14118;2284;3.12978
2285;3.14203;2285;3.14164;2285;3.14118;2285;3.12978
2286;3.14115;2286;3.14164;2286;3.14118;2286;3.12978
2287;3.14203;2287;3.14164;2287;3.14118;2287;3.12978
2288;3.14115;2288;3.14164;2288;3.14118;2288;3.12978
2289;3.14203;2289;3.14164;2289;3.14118;2289;3.12978
2290;3.14115;2290;3.14164;2290;3.14118;2290;3.12978
2291;3.14203;2291;3.14164;2291;3.14118;2291;3.12978
2292;3.14115;2292;3.14164;2292;3.14118;2292;3.12978
2293;3.14203;2293;3.14164;2293;3.14118;2293;3.12978
2294;3.14116;2294;3.14164;2294;3.14118;2294;3.12978
2295;3.14203;2295;3.14164;2295;3.14118;2295;3.12978
2296;3.14116;2296;3.14164;2296;3.14118;2296;3.12978
2297;3.14203;2297;3.14164;2297;3.14118;2297;3.12978
2298;3.14116;2298;3.14164;2298;3.14118;2298;3.12978
2299;3.14203;2299;3.14164;2299;3.14118;2299;3.12978
2300;3.14116;2300;3.14164;2300;3.14118;2300;3.12978
2301;3.14203;2301;3.14164;2301;3.14118;2301;3.12978
2302;3.14116;2302;3.14164;2302;3.14118;2302;3.12978
2303;3.14203;2303;3.14164;2303;3.14118;2303;3.12978
2304;3.14116;2304;3.14164;2304;3.14118;2304;3.12978
2305;3.14202;2305;3.14164;2305;3.14118;2305;3.12978
2306;3.14116;2306;3.14164;2306;3.14118;2306;3.12978
2307;3.14202;2307;3.14164;2307;3.14118;2307;3.12979
2308;3.14116;2308;3.14164;2308;3.14118;2308;3.12979
2309;3.14202;2309;3.14164;2309;3.14118;2309;3.12979
2310;3.14116;2310;3.14164;2310;3.14118;2310;3.12979
2311;3.14202;2311;3.14164;2311;3.14118;2311;3.12979
2312;3.14116;2312;3.14164;2312;3.14118;2312;3.12979
2313;3.14202;2313;3.14164;2313;3.14118;2313;3.12979
2314;3.14116;2314;3.14164;2314;3.14118;2314;3.12979
2315;3.14202;2315;3.14164;2315;3.14118;2315;3.12979
2316;3.14116;2316;3.14164;2316;3.14119;2316;3.12979
2317;3.14202;2317;3.14164;2317;3.14119;2317;3.12979
2318;3.14116;2318;3.14164;2318;3.14119;2318;3.12979
2319;3.14202;2319;3.14164;2319;3.14119;2319;3.12979
2320;3.14116;2320;3.14164;2320;3.14119;2320;3.12979
2321;3.14202;2321;3.14164;2321;3.14119;2321;3.12979
2322;3.14116;2322;3.14164;2322;3.14119;2322;3.12979
2323;3.14202;2323;3.14164;2323;3.14119;2323;3.12979
2324;3.14116;2324;3.14164;2324;3.14119;2324;3.12979
2325;3.14202;2325;3.14164;2325;3.14119;2325;3.12979
2326;3.14116;2326;3.14164;2326;3.14119;2326;3.12979
2327;3.14202;2327;3.14164;2327;3.14119;2327;3.12979
2328;3.14116;2328;3.14164;2328;3.14119;2328;3.12979
2329;3.14202;2329;3.14164;2329;3.14119;2329;3.12979
2330;3.14116;2330;3.14164;2330;3.14119;2330;3.12979
2331;3.14202;2331;3.14164;2331;3.14119;2331;3.12979
2332;3.14116;2332;3.14164;2332;3.14119;2332;3.12979
2333;3.14202;2333;3.14164;2333;3.14119;2333;3.12979
2334;3.14116;2334;3.14164;2334;3.14119;2334;3.12979
2335;3.14202;2335;3.14164;2335;3.14119;2335;3.12979
2336;3.14116;2336;3.14164;2336;3.14119;2336;3.12979
2337;3.14202;2337;3.14164;2337;3.14119;2337;3.12979
2338;3.14116;2338;3.14164;2338;3.14119;2338;3.12979
2339;3.14202;2339;3.14164;2339;3.14119;2339;3.12979
2340;3.14116;2340;3.14164;2340;3.14119;2340;3.12979
2341;3.14202;2341;3.14164;2341;3.14119;2341;3.12979
2342;3.14116;2342;3.14164;2342;3.14119;2342;3.12979
2343;3.14202;2343;3.14164;2343;3.14119;2343;3.12979
2344;3.14116;2344;3.14164;2344;3.14119;2344;3.12979
2345;3.14202;2345;3.14164;2345;3.14119;2345;3.12979
2346;3.14116;2346;3.14164;2346;3.14119;2346;3.12979
2347;3.14202;2347;3.14164;2347;3.14119;2347;3.12979
2348;3.14116;2348;3.14164;2348;3.14119;2348;3.12979
2349;3.14202;2349;3.14164;2349;3.14119;2349;3.12979
2350;3.14117;2350;3.14164;2350;3.14119;2350;3.12979
2351;3.14202;2351;3.14164;2351;3.14119;2351;3.1298
2352;3.14117;2352;3.14164;2352;3.14119;2352;3.1298
2353;3.14202;2353;3.14164;2353;3.14119;2353;3.1298
2354;3.14117;2354;3.14164;2354;3.14119;2354;3.1298
2355;3.14202;2355;3.14164;2355;3.14119;2355;3.1298
2356;3.14117;2356;3.14164;2356;3.14119;2356;3.1298
2357;3.14202;2357;3.14164;2357;3.14119;2357;3.1298
2358;3.14117;2358;3.14164;2358;3.14119;2358;3.1298
2359;3.14202;2359;3.14164;2359;3.14119;2359;3.1298
2360;3.14117;2360;3.14164;2360;3.1412;2360;3.1298
2361;3.14201;2361;3.14164;2361;3.1412;2361;3.1298
2362;3.14117;2362;3.14164;2362;3.1412;2362;3.1298
2363;3.14201;2363;3.14164;2363;3.1412;2363;3.1298
2364;3.14117;2364;3.14164;2364;3.1412;2364;3.1298
2365;3.14201;2365;3.14164;2365;3.1412;2365;3.1298
2366;3.14117;2366;3.14164;2366;3.1412;2366;3.1298
2367;3.14201;2367;3.14164;2367;3.1412;2367;3.1298
2368;3.14117;2368;3.14164;2368;3.1412;2368;3.1298
2369;3.14201;2369;3.14164;2369;3.1412;2369;3.1298
2370;3.14117;2370;3.14164;2370;3.1412;2370;3.1298
2371;3.14201;2371;3.14164;2371;3.1412;2371;3.1298
2372;3.14117;2372;3.14164;2372;3.1412;2372;3.1298
2373;3.14201;2373;3.14164;2373;3.1412;2373;3.1298
2374;3.14117;2374;3.14164;2374;3.1412;2374;3.1298
2375;3.14201;2375;3.14164;2375;3.1412;2375;3.1298
2376;3.14117;2376;3.14164;2376;3.1412;2376;3.1298
2377;3.14201;2377;3.14164;2377;3.1412;2377;3.1298
2378;3.14117;2378;3.14164;2378;3.1412;2378;3.1298
2379;3.14201;2379;3.14164;2379;3.1412;2379;3.1298
2380;3.14117;2380;3.14164;2380;3.1412;2380;3.1298
2381;3.14201;2381;3.14164;2381;3.1412;2381;3.1298
2382;3.14117;2382;3.14164;2382;3.1412;2382;3.1298
2383;3.14201;2383;3.14164;2383;3.1412;2383;3.1298
2384;3.14117;2384;3.14164;2384;3.1412;2384;3.1298
2385;3.14201;2385;3.14164;2385;3.1412;2385;3.1298
2386;3.14117;2386;3.14164;2386;3.1412;2386;3.1298
2387;3.14201;2387;3.14164;2387;3.1412;2387;3.1298
2388;3.14117;2388;3.14164;2388;3.1412;2388;3.1298
2389;3.14201;2389;3.14164;2389;3.1412;2389;3.1298
2390;3.14117;2390;3.14164;2390;3.1412;2390;3.1298
2391;3.14201;2391;3.14164;2391;3.1412;2391;3.1298
2392;3.14117;2392;3.14164;2392;3.1412;2392;3.1298
2393;3.14201;2393;3.14164;2393;3.1412;2393;3.1298
2394;3.14117;2394;3.14164;2394;3.1412;2394;3.1298
2395;3.14201;2395;3.14164;2395;3.1412;2395;3.1298
2396;3.14118;2396;3.14164;2396;3.1412;2396;3.1298
2397;3.14201;2397;3.14164;2397;3.1412;2397;3.1298
2398;3.14118;2398;3.14164;2398;3.1412;2398;3.1298
2399;3.14201;2399;3.14164;2399;3.1412;2399;3.1298
2400;3.14118;2400;3.14164;2400;3.1412;2400;3.1298
2401;3.14201;2401;3.14164;2401;3.1412;2401;3.1298
2402;3.14118;2402;3.14164;2402;3.1412;2402;3.1298
2403;3.14201;2403;3.14164;2403;3.1412;2403;3.1298
2404;3.14118;2404;3.14164;2404;3.1412;2404;3.1298
2405;3.14201;2405;3.14164;2405;3.1412;2405;3.1298
2406;3.14118;2406;3.14164;2406;3.1412;2406;3.1298
2407;3.14201;2407;3.14164;2407;3.1412;2407;3.1298
2408;3.14118;2408;3.14164;2408;3.1412;2408;3.1298
2409;3.14201;2409;3.14164;2409;3.1412;2409;3.1298
2410;3.14118;2410;3.14164;2410;3.1412;2410;3.1298
2411;3.14201;2411;3.14164;2411;3.1412;2411;3.1298
2412;3.14118;2412;3.14164;2412;3.1412;2412;3.1298
2413;3.14201;2413;3.14164;2413;3.1412;2413;3.1298
2414;3.14118;2414;3.14164;2414;3.1412;2414;3.1298
2415;3.14201;2415;3.14164;2415;3.1412;2415;3.1298
2416;3.14118;2416;3.14164;2416;3.1412;2416;3.1298
2417;3.14201;2417;3.14164;2417;3.1412;2417;3.1298
2418;3.14118;2418;3.14164;2418;3.1412;2418;3.1298
2419;3.14201;2419;3.14164;2419;3.1412;2419;3.1298
2420;3.14118;2420;3.14164;2420;3.1412;2420;3.1298
2421;3.14201;2421;3.14164;2421;3.1412;2421;3.1298
2422;3.14118;2422;3.14164;2422;3.1412;2422;3.1298
2423;3.14201;2423;3.14164;2423;3.1412;2423;3.1298
2424;3.14118;2424;3.14164;2424;3.1412;2424;3.1298
2425;3.14201;2425;3.14164;2425;3.1412;2425;3.1298
2426;3.14118;2426;3.14164;2426;3.1412;2426;3.12981
2427;3.142;2427;3.14164;2427;3.1412;2427;3.12981
2428;3.14118;2428;3.14164;2428;3.1412;2428;3.12981
2429;3.142;2429;3.14164;2429;3.1412;2429;3.12981
2430;3.14118;2430;3.14164;2430;3.1412;2430;3.12981
2431;3.142;2431;3.14164;2431;3.1412;2431;3.12981
2432;3.14118;2432;3.14164;2432;3.1412;2432;3.12981
2433;3.142;2433;3.14164;2433;3.1412;2433;3.12981
2434;3.14118;2434;3.14164;2434;3.1412;2434;3.12981
2435;3.142;2435;3.14164;2435;3.1412;2435;3.12981
2436;3.14118;2436;3.14164;2436;3.1412;2436;3.12981
2437;3.142;2437;3.14164;2437;3.1412;2437;3.12981
2438;3.14118;2438;3.14164;2438;3.1412;2438;3.12981
2439;3.142;2439;3.14164;2439;3.1412;2439;3.12981
2440;3.14118;2440;3.14164;2440;3.1412;2440;3.12981
2441;3.142;2441;3.14164;2441;3.1412;2441;3.12981
2442;3.14118;2442;3.14164;2442;3.1412;2442;3.12981
2443;3.142;2443;3.14164;2443;3.14121;2443;3.12981
2444;3.14118;2444;3.14164;2444;3.14121;2444;3.12981
2445;3.142;2445;3.14164;2445;3.14121;2445;3.12981
2446;3.14118;2446;3.14164;2446;3.14121;2446;3.12981
2447;3.142;2447;3.14164;2447;3.14121;2447;3.12981
2448;3.14118;2448;3.14164;2448;3.14121;2448;3.12981
2449;3.142;2449;3.14164;2449;3.14121;2449;3.12981
2450;3.14118;2450;3.14164;2450;3.14121;2450;3.12981
2451;3.142;2451;3.14164;2451;3.14121;2451;3.12981
2452;3.14118;2452;3.14164;2452;3.14121;2452;3.12981
2453;3.142;2453;3.14164;2453;3.14121;2453;3.12981
2454;3.14119;2454;3.14164;2454;3.14121;2454;3.12981
2455;3.142;2455;3.14164;2455;3.14121;2455;3.12981
2456;3.14119;2456;3.14164;2456;3.14121;2456;3.12981
2457;3.142;2457;3.14164;2457;3.14121;2457;3.12981
2458;3.14119;2458;3.14164;2458;3.14121;2458;3.12981
2459;3.142;2459;3.14164;2459;3.14121;2459;3.12981
2460;3.14119;2460;3.14164;2460;3.14121;2460;3.12981
2461;3.142;2461;3.14164;2461;3.14121;2461;3.12981
2462;3.14119;2462;3.14164;2462;3.14121;2462;3.12981
2463;3.142;2463;3.14164;2463;3.14121;2463;3.12981
2464;3.14119;2464;3.14164;2464;3.14121;2464;3.12981
2465;3.142;2465;3.14164;2465;3.14121;2465;3.12981
2466;3.14119;2466;3.14164;2466;3.14121;2466;3.12981
2467;3.142;2467;3.14164;2467;3.14121;2467;3.12981
2468;3.14119;2468;3.14164;2468;3.14121;2468;3.12981
2469;3.142;2469;3.14164;2469;3.14121;2469;3.12981
2470;3.14119;2470;3.14164;2470;3.14121;2470;3.12981
2471;3.142;2471;3.14164;2471;3.14121;2471;3.12981
2472;3.14119;2472;3.14164;2472;3.14121;2472;3.12981
2473;3.142;2473;3.14164;2473;3.14121;2473;3.12981
2474;3.14119;2474;3.14164;2474;3.14121;2474;3.12981
2475;3.142;2475;3.14164;2475;3.14121;2475;3.12981
2476;3.14119;2476;3.14164;2476;3.14121;2476;3.12981
2477;3.142;2477;3.14164;2477;3.14121;2477;3.12981
2478;3.14119;2478;3.14164;2478;3.14121;2478;3.12981
2479;3.142;2479;3.14164;2479;3.14121;2479;3.12981
2480;3.14119;2480;3.14164;2480;3.14121;2480;3.12981
2481;3.142;2481;3.14164;2481;3.14121;2481;3.12981
2482;3.14119;2482;3.14164;2482;3.14121;2482;3.12981
2483;3.142;2483;3.14164;2483;3.14121;2483;3.12981
2484;3.14119;2484;3.14164;2484;3.14121;2484;3.12981
2485;3.142;2485;3.14164;2485;3.14121;2485;3.12981
2486;3.14119;2486;3.14164;2486;3.14121;2486;3.12981
2487;3.142;2487;3.14164;2487;3.14121;2487;3.12981
2488;3.14119;2488;3.14164;2488;3.14121;2488;3.12981
2489;3.14199;2489;3.14164;2489;3.14121;2489;3.12981
2490;3.14119;2490;3.14164;2490;3.14121;2490;3.12981
2491;3.14199;2491;3.14164;2491;3.14121;2491;3.12981
2492;3.14119;2492;3.14164;2492;3.14121;2492;3.12981
2493;3.14199;2493;3.14164;2493;3.14121;2493;3.12981
2494;3.14119;2494;3.14164;2494;3.14121;2494;3.12981
2495;3.14199;2495;3.14164;2495;3.14121;2495;3.12981
2496;3.14119;2496;3.14164;2496;3.14121;2496;3.12981
2497;3.14199;2497;3.14164;2497;3.14121;2497;3.12981
2498;3.14119;2498;3.14164;2498;3.14121;2498;3.12981
2499;3.14199;2499;3.14164;2499;3.14121;2499;3.12981
2500;3.14119;2500;3.14164;2500;3.14121;2500;3.12981
2501;3.14199;2501;3.14164;2501;3.14121;2501;3.12981
2502;3.14119;2502;3.14164;2502;3.14121;2502;3.12981
2503;3.14199;2503;3.14164;2503;3.14121;2503;3.12981
2504;3.14119;2504;3.14164;2504;3.14121;2504;3.12981
2505;3.14199;2505;3.14164;2505;3.14121;2505;3.12981
2506;3.14119;2506;3.14164;2506;3.14121;2506;3.12981
2507;3.14199;2507;3.14164;2507;3.14121;2507;3.12981
2508;3.14119;2508;3.14164;2508;3.14121;2508;3.12981
2509;3.14199;2509;3.14164;2509;3.14121;2509;3.12981
2510;3.14119;2510;3.14164;2510;3.14121;2510;3.12981
2511;3.14199;2511;3.14164;2511;3.14121;2511;3.12981
2512;3.1412;2512;3.14164;2512;3.14121;2512;3.12981
2513;3.14199;2513;3.14164;2513;3.14121;2513;3.12982
2514;3.1412;2514;3.14164;2514;3.14121;2514;3.12982
2515;3.14199;2515;3.14164;2515;3.14121;2515;3.12982
2516;3.1412;2516;3.14164;2516;3.14121;2516;3.12982
2517;3.14199;2517;3.14164;2517;3.14121;2517;3.12982
2518;3.1412;2518;3.14164;2518;3.14121;2518;3.12982
2519;3.14199;2519;3.14164;2519;3.14121;2519;3.12982
2520;3.1412;2520;3.14164;2520;3.14121;2520;3.12982
2521;3.14199;2521;3.14164;2521;3.14121;2521;3.12982
2522;3.1412;2522;3.14164;2522;3.14121;2522;3.12982
2523;3.14199;2523;3.14164;2523;3.14121;2523;3.12982
2524;3.1412;2524;3.14164;2524;3.14121;2524;3.12982
2525;3.14199;2525;3.14164;2525;3.14121;2525;3.12982
2526;3.1412;2526;3.14164;2526;3.14121;2526;3.12982
2527;3.14199;2527;3.14164;2527;3.14121;2527;3.12982
2528;3.1412;2528;3.14164;2528;3.14121;2528;3.12982
2529;3.14199;2529;3.14164;2529;3.14121;2529;3.12982
2530;3.1412;2530;3.14164;2530;3.14121;2530;3.12982
2531;3.14199;2531;3.14164;2531;3.14122;2531;3.12982
2532;3.1412;2532;3.14164;2532;3.14122;2532;3.12982
2533;3.14199;2533;3.14164;2533;3.14122;2533;3.12982
2534;3.1412;2534;3.14164;2534;3.14122;2534;3.12982
2535;3.14199;2535;3.14164;2535;3.14122;2535;3.12982
2536;3.1412;2536;3.14164;2536;3.14122;2536;3.12982
2537;3.14199;2537;3.14164;2537;3.14122;2537;3.12982
2538;3.1412;2538;3.14164;2538;3.14122;2538;3.12982
2539;3.14199;2539;3.14164;2539;3.14122;2539;3.12982
2540;3.1412;2540;3.14164;2540;3.14122;2540;3.12982
2541;3.14199;2541;3.14164;2541;3.14122;2541;3.12982
2542;3.1412;2542;3.14164;2542;3.14122;2542;3.12982
2543;3.14199;2543;3.14164;2543;3.14122;2543;3.12982
2544;3.1412;2544;3.14164;2544;3.14122;2544;3.12982
2545;3.14199;2545;3.14164;2545;3.14122;2545;3.12982
2546;3.1412;2546;3.14164;2546;3.14122;2546;3.12982
2547;3.14199;2547;3.14164;2547;3.14122;2547;3.12982
2548;3.1412;2548;3.14164;2548;3.14122;2548;3.12982
2549;3.14199;2549;3.14164;2549;3.14122;2549;3.12982
2550;3.1412;2550;3.14164;2550;3.14122;2550;3.12982
2551;3.14199;2551;3.14164;2551;3.14122;2551;3.12982
2552;3.1412;2552;3.14164;2552;3.14122;2552;3.12982
2553;3.14199;2553;3.14164;2553;3.14122;2553;3.12982
2554;3.1412;2554;3.14164;2554;3.14122;2554;3.12982
2555;3.14198;2555;3.14164;2555;3.14122;2555;3.12982
2556;3.1412;2556;3.14164;2556;3.14122;2556;3.12982
2557;3.14198;2557;3.14164;2557;3.14122;2557;3.12982
2558;3.1412;2558;3.14164;2558;3.14122;2558;3.12982
2559;3.14198;2559;3.14164;2559;3.14122;2559;3.12982
2560;3.1412;2560;3.14164;2560;3.14122;2560;3.12982
2561;3.14198;2561;3.14164;2561;3.14122;2561;3.12982
2562;3.1412;2562;3.14164;2562;3.14122;2562;3.12982
2563;3.14198;2563;3.14164;2563;3.14122;2563;3.12982
2564;3.1412;2564;3.14164;2564;3.14122;2564;3.12982
2565;3.14198;2565;3.14164;2565;3.14122;2565;3.12982
2566;3.1412;2566;3.14164;2566;3.14122;2566;3.12982
2567;3.14198;2567;3.14164;2567;3.14122;2567;3.12982
2568;3.1412;2568;3.14164;2568;3.14122;2568;3.12982
2569;3.14198;2569;3.14164;2569;3.14122;2569;3.12982
2570;3.1412;2570;3.14164;2570;3.14122;2570;3.12982
2571;3.14198;2571;3.14164;2571;3.14122;2571;3.12982
2572;3.1412;2572;3.14164;2572;3.14122;2572;3.12982
2573;3.14198;2573;3.14164;2573;3.14122;2573;3.12982
2574;3.14121;2574;3.14164;2574;3.14122;2574;3.12982
2575;3.14198;2575;3.14164;2575;3.14122;2575;3.12982
2576;3.14121;2576;3.14164;2576;3.14122;2576;3.12982
2577;3.14198;2577;3.14164;2577;3.14122;2577;3.12982
2578;3.14121;2578;3.14164;2578;3.14122;2578;3.12982
2579;3.14198;2579;3.14164;2579;3.14122;2579;3.12982
2580;3.14121;2580;3.14164;2580;3.14122;2580;3.12982
2581;3.14198;2581;3.14164;2581;3.14122;2581;3.12982
2582;3.14121;2582;3.14164;2582;3.14122;2582;3.12982
2583;3.14198;2583;3.14164;2583;3.14122;2583;3.12982
2584;3.14121;2584;3.14164;2584;3.14122;2584;3.12982
2585;3.14198;2585;3.14164;2585;3.14122;2585;3.12982
2586;3.14121;2586;3.14164;2586;3.14122;2586;3.12982
2587;3.14198;2587;3.14164;2587;3.14122;2587;3.12982
2588;3.14121;2588;3.14164;2588;3.14122;2588;3.12982
2589;3.14198;2589;3.14164;2589;3.14122;2589;3.12982
2590;3.14121;2590;3.14164;2590;3.14122;2590;3.12982
2591;3.14198;2591;3.14164;2591;3.14122;2591;3.12982
2592;3.14121;2592;3.14164;2592;3.14122;2592;3.12982
2593;3.14198;2593;3.14164;2593;3.14122;2593;3.12982
2594;3.14121;2594;3.14164;2594;3.14122;2594;3.12982
2595;3.14198;2595;3.14164;2595;3.14122;2595;3.12982
2596;3.14121;2596;3.14164;2596;3.14122;2596;3.12982
2597;3.14198;2597;3.14164;2597;3.14122;2597;3.12982
2598;3.14121;2598;3.14164;2598;3.14122;2598;3.12982
2599;3.14198;2599;3.14164;2599;3.14122;2599;3.12982
2600;3.14121;2600;3.14164;2600;3.14122;2600;3.12982
2601;3.14198;2601;3.14164;2601;3.14122;2601;3.12983
2602;3.14121;2602;3.14164;2602;3.14122;2602;3.12983
2603;3.14198;2603;3.14164;2603;3.14122;2603;3.12983
2604;3.14121;2604;3.14164;2604;3.14122;2604;3.12983
2605;3.14198;2605;3.14164;2605;3.14122;2605;3.12983
2606;3.14121;2606;3.14164;2606;3.14122;2606;3.12983
2607;3.14198;2607;3.14164;2607;3.14122;2607;3.12983
2608;3.14121;2608;3.14164;2608;3.14122;2608;3.12983
2609;3.14198;2609;3.14164;2609;3.14122;2609;3.12983
2610;3.14121;2610;3.14164;2610;3.14122;2610;3.12983
2611;3.14198;2611;3.14164;2611;3.14122;2611;3.12983
2612;3.14121;2612;3.14164;2612;3.14122;2612;3.12983
2613;3.14198;2613;3.14164;2613;3.14122;2613;3.12983
2614;3.14121;2614;3.14164;2614;3.14122;2614;3.12983
2615;3.14198;2615;3.14164;2615;3.14122;2615;3.12983
2616;3.14121;2616;3.14164;2616;3.14122;2616;3.12983
2617;3.14198;2617;3.14164;2617;3.14122;2617;3.12983
2618;3.14121;2618;3.14164;2618;3.14122;2618;3.12983
2619;3.14198;2619;3.14164;2619;3.14123;2619;3.12983
2620;3.14121;2620;3.14164;2620;3.14123;2620;3.12983
2621;3.14197;2621;3.14164;2621;3.14123;2621;3.12983
2622;3.14121;2622;3.14164;2622;3.14123;2622;3.12983
2623;3.14197;2623;3.14164;2623;3.14123;2623;3.12983
2624;3.14121;2624;3.14164;2624;3.14123;2624;3.12983
2625;3.14197;2625;3.14164;2625;3.14123;2625;3.12983
2626;3.14121;2626;3.14164;2626;3.14123;2626;3.12983
2627;3.14197;2627;3.14164;2627;3.14123;2627;3.12983
2628;3.14121;2628;3.14164;2628;3.14123;2628;3.12983
2629;3.14197;2629;3.14164;2629;3.14123;2629;3.12983
2630;3.14121;2630;3.14164;2630;3.14123;2630;3.12983
2631;3.14197;2631;3.14164;2631;3.14123;2631;3.12983
2632;3.14121;2632;3.14164;2632;3.14123;2632;3.12983
2633;3.14197;2633;3.14164;2633;3.14123;2633;3.12983
2634;3.14121;2634;3.14164;2634;3.14123;2634;3.12983
2635;3.14197;2635;3.14164;2635;3.14123;2635;3.12983
2636;3.14121;2636;3.14164;2636;3.14123;2636;3.12983
2637;3.14197;2637;3.14164;2637;3.14123;2637;3.12983
2638;3.14121;2638;3.14164;2638;3.14123;2638;3.12983
2639;3.14197;2639;3.14164;2639;3.14123;2639;3.12983
2640;3.14121;2640;3.14164;2640;3.14123;2640;3.12983
2641;3.14197;2641;3.14164;2641;3.14123;2641;3.12983
2642;3.14121;2642;3.14164;2642;3.14123;2642;3.12983
2643;3.14197;2643;3.14164;2643;3.14123;2643;3.12983
2644;3.14122;2644;3.14164;2644;3.14123;2644;3.12983
2645;3.14197;2645;3.14164;2645;3.14123;2645;3.12983
2646;3.14122;2646;3.14164;2646;3.14123;2646;3.12983
2647;3.14197;2647;3.14164;2647;3.14123;2647;3.12983
2648;3.14122;2648;3.14164;2648;3.14123;2648;3.12983
2649;3.14197;2649;3.14164;2649;3.14123;2649;3.12983
2650;3.14122;2650;3.14164;2650;3.14123;2650;3.12983
2651;3.14197;2651;3.14164;2651;3.14123;2651;3.12983
2652;3.14122;2652;3.14164;2652;3.14123;2652;3.12983
2653;3.14197;2653;3.14164;2653;3.14123;2653;3.12983
2654;3.14122;2654;3.14164;2654;3.14123;2654;3.12983
2655;3.14197;2655;3.14164;2655;3.14123;2655;3.12983
2656;3.14122;2656;3.14164;2656;3.14123;2656;3.12983
2657;3.14197;2657;3.14164;2657;3.14123;2657;3.12983
2658;3.14122;2658;3.14164;2658;3.14123;2658;3.12983
2659;3.14197;2659;3.14164;2659;3.14123;2659;3.12983
2660;3.14122;2660;3.14164;2660;3.14123;2660;3.12983
2661;3.14197;2661;3.14164;2661;3.14123;2661;3.12983
2662;3.14122;2662;3.14164;2662;3.14123;2662;3.12983
2663;3.14197;2663;3.14164;2663;3.14123;2663;3.12983
2664;3.14122;2664;3.14164;2664;3.14123;2664;3.12983
2665;3.14197;2665;3.14164;2665;3.14123;2665;3.12983
2666;3.14122;2666;3.14164;2666;3.14123;2666;3.12983
2667;3.14197;2667;3.14164;2667;3.14123;2667;3.12983
2668;3.14122;2668;3.14164;2668;3.14123;2668;3.12983
2669;3.14197;2669;3.14164;2669;3.14123;2669;3.12983
2670;3.14122;2670;3.14164;2670;3.14123;2670;3.12983
2671;3.14197;2671;3.14164;2671;3.14123;2671;3.12983
2672;3.14122;2672;3.14164;2672;3.14123;2672;3.12983
2673;3.14197;2673;3.14164;2673;3.14123;2673;3.12983
2674;3.14122;2674;3.14164;2674;3.14123;2674;3.12983
2675;3.14197;2675;3.14164;2675;3.14123;2675;3.12983
2676;3.14122;2676;3.14164;2676;3.14123;2676;3.12983
2677;3.14197;2677;3.14164;2677;3.14123;2677;3.12983
2678;3.14122;2678;3.14164;2678;3.14123;2678;3.12983
2679;3.14197;2679;3.14164;2679;3.14123;2679;3.12983
2680;3.14122;2680;3.14164;2680;3.14123;2680;3.12983
2681;3.14197;2681;3.14164;2681;3.14123;2681;3.12983
2682;3.14122;2682;3.14164;2682;3.14123;2682;3.12983
2683;3.14197;2683;3.14164;2683;3.14123;2683;3.12983
2684;3.14122;2684;3.14164;2684;3.14123;2684;3.12983
2685;3.14197;2685;3.14164;2685;3.14123;2685;3.12983
2686;3.14122;2686;3.14164;2686;3.14123;2686;3.12983
2687;3.14197;2687;3.14164;2687;3.14123;2687;3.12983
2688;3.14122;2688;3.14164;2688;3.14123;2688;3.12983
2689;3.14197;2689;3.14164;2689;3.14123;2689;3.12984
2690;3.14122;2690;3.14164;2690;3.14123;2690;3.12984
2691;3.14197;2691;3.14164;2691;3.14123;2691;3.12984
2692;3.14122;2692;3.14164;2692;3.14123;2692;3.12984
2693;3.14196;2693;3.14164;2693;3.14123;2693;3.12984
2694;3.14122;2694;3.14164;2694;3.14123;2694;3.12984
2695;3.14196;2695;3.14164;2695;3.14123;2695;3.12984
2696;3.14122;2696;3.14164;2696;3.14123;2696;3.12984
2697;3.14196;2697;3.14164;2697;3.14123;2697;3.12984
2698;3.14122;2698;3.14164;2698;3.14123;2698;3.12984
2699;3.14196;2699;3.14164;2699;3.14123;2699;3.12984
2700;3.14122;2700;3.14164;2700;3.14123;2700;3.12984
2701;3.14196;2701;3.14164;2701;3.14123;2701;3.12984
2702;3.14122;2702;3.14164;2702;3.14123;2702;3.12984
2703;3.14196;2703;3.14164;2703;3.14123;2703;3.12984
2704;3.14122;2704;3.14164;2704;3.14123;2704;3.12984
2705;3.14196;2705;3.14164;2705;3.14123;2705;3.12984
2706;3.14122;2706;3.14164;2706;3.14123;2706;3.12984
2707;3.14196;2707;3.14164;2707;3.14124;2707;3.12984
2708;3.14122;2708;3.14164;2708;3.14124;2708;3.12984
2709;3.14196;2709;3.14164;2709;3.14124;2709;3.12984
2710;3.14122;2710;3.14164;2710;3.14124;2710;3.12984
2711;3.14196;2711;3.14164;2711;3.14124;2711;3.12984
2712;3.14122;2712;3.14164;2712;3.14124;2712;3.12984
2713;3.14196;2713;3.14164;2713;3.14124;2713;3.12984
2714;3.14123;2714;3.14164;2714;3.14124;2714;3.12984
2715;3.14196;2715;3.14164;2715;3.14124;2715;3.12984
2716;3.14123;2716;3.14164;2716;3.14124;2716;3.12984
2717;3.14196;2717;3.14164;2717;3.14124;2717;3.12984
2718;3.14123;2718;3.14164;2718;3.14124;2718;3.12984
2719;3.14196;2719;3.14164;2719;3.14124;2719;3.12984
2720;3.14123;2720;3.14164;2720;3.14124;2720;3.12984
2721;3.14196;2721;3.14164;2721;3.14124;2721;3.12984
2722;3.14123;2722;3.14164;2722;3.14124;2722;3.12984
2723;3.14196;2723;3.14164;2723;3.14124;2723;3.12984
2724;3.14123;2724;3.14164;2724;3.14124;2724;3.12984
2725;3.14196;2725;3.14164;2725;3.14124;2725;3.12984
2726;3.14123;2726;3.14164;2726;3.14124;2726;3.12984
2727;3.14196;2727;3.14164;2727;3.14124;2727;3.12984
2728;3.14123;2728;3.14164;2728;3.14124;2728;3.12984
2729;3.14196;2729;3.14164;2729;3.14124;2729;3.12984
2730;3.14123;2730;3.14164;2730;3.14124;2730;3.12984
2731;3.14196;2731;3.14164;2731;3.14124;2731;3.12984
2732;3.14123;2732;3.14164;2732;3.14124;2732;3.12984
2733;3.14196;2733;3.14164;2733;3.14124;2733;3.12984
2734;3.14123;2734;3.14164;2734;3.14124;2734;3.12984
2735;3.14196;2735;3.14164;2735;3.14124;2735;3.12984
2736;3.14123;2736;3.14164;2736;3.14124;2736;3.12984
2737;3.14196;2737;3.14164;2737;3.14124;2737;3.12984
2738;3.14123;2738;3.14164;2738;3.14124;2738;3.12984
2739;3.14196;2739;3.14164;2739;3.14124;2739;3.12984
2740;3.14123;2740;3.14164;2740;3.14124;2740;3.12984
2741;3.14196;2741;3.14164;2741;3.14124;2741;3.12984
2742;3.14123;2742;3.14164;2742;3.14124;2742;3.12984
2743;3.14196;2743;3.14164;2743;3.14124;2743;3.12984
2744;3.14123;2744;3.14164;2744;3.14124;2744;3.12984
2745;3.14196;2745;3.14164;2745;3.14124;2745;3.12984
2746;3.14123;2746;3.14164;2746;3.14124;2746;3.12984
2747;3.14196;2747;3.14164;2747;3.14124;2747;3.12984
2748;3.14123;2748;3.14164;2748;3.14124;2748;3.12984
2749;3.14196;2749;3.14164;2749;3.14124;2749;3.12984
2750;3.14123;2750;3.14164;2750;3.14124;2750;3.12984
2751;3.14196;2751;3.14164;2751;3.14124;2751;3.12984
2752;3.14123;2752;3.14164;2752;3.14124;2752;3.12984
2753;3.14196;2753;3.14164;2753;3.14124;2753;3.12984
2754;3.14123;2754;3.14164;2754;3.14124;2754;3.12984
2755;3.14196;2755;3.14164;2755;3.14124;2755;3.12984
2756;3.14123;2756;3.14164;2756;3.14124;2756;3.12984
2757;3.14196;2757;3.14164;2757;3.14124;2757;3.12984
2758;3.14123;2758;3.14164;2758;3.14124;2758;3.12984
2759;3.14196;2759;3.14164;2759;3.14124;2759;3.12984
2760;3.14123;2760;3.14164;2760;3.14124;2760;3.12984
2761;3.14196;2761;3.14164;2761;3.14124;2761;3.12984
2762;3.14123;2762;3.14164;2762;3.14124;2762;3.12984
2763;3.14196;2763;3.14164;2763;3.14124;2763;3.12984
2764;3.14123;2764;3.14164;2764;3.14124;2764;3.12984
2765;3.14195;2765;3.14164;2765;3.14124;2765;3.12984
2766;3.14123;2766;3.14164;2766;3.14124;2766;3.12984
2767;3.14195;2767;3.14164;2767;3.14124;2767;3.12984
2768;3.14123;2768;3.14164;2768;3.14124;2768;3.12984
2769;3.14195;2769;3.14164;2769;3.14124;2769;3.12984
2770;3.14123;2770;3.14164;2770;3.14124;2770;3.12984
2771;3.14195;2771;3.14164;2771;3.14124;2771;3.12984
2772;3.14123;2772;3.14164;2772;3.14124;2772;3.12984
2773;3.14195;2773;3.14164;2773;3.14124;2773;3.12984
2774;3.14123;2774;3.14164;2774;3.14124;2774;3.12984
2775;3.14195;2775;3.14164;2775;3.14124;2775;3.12984
2776;3.14123;2776;3.14164;2776;3.14124;2776;3.12985
2777;3.14195;2777;3.14164;2777;3.14124;2777;3.12985
2778;3.14123;2778;3.14164;2778;3.14124;2778;3.12985
2779;3.14195;2779;3.14164;2779;3.14124;2779;3.12985
2780;3.14123;2780;3.14164;2780;3.14124;2780;3.12985
2781;3.14195;2781;3.14164;2781;3.14124;2781;3.12985
2782;3.14123;2782;3.14164;2782;3.14124;2782;3.12985
2783;3.14195;2783;3.14164;2783;3.14124;2783;3.12985
2784;3.14123;2784;3.14164;2784;3.14124;2784;3.12985
2785;3.14195;2785;3.14164;2785;3.14124;2785;3.12985
2786;3.14123;2786;3.14164;2786;3.14124;2786;3.12985
2787;3.14195;2787;3.14164;2787;3.14124;2787;3.12985
2788;3.14123;2788;3.14164;2788;3.14124;2788;3.12985
2789;3.14195;2789;3.14164;2789;3.14124;2789;3.12985
2790;3.14123;2790;3.14164;2790;3.14124;2790;3.12985
2791;3.14195;2791;3.14164;2791;3.14124;2791;3.12985
2792;3.14123;2792;3.14164;2792;3.14124;2792;3.12985
2793;3.14195;2793;3.14164;2793;3.14124;2793;3.12985
2794;3.14124;2794;3.14164;2794;3.14124;2794;3.12985
2795;3.14195;2795;3.14164;2795;3.14125;2795;3.12985
2796;3.14124;2796;3.14164;2796;3.14125;2796;3.12985
2797;3.14195;2797;3.14164;2797;3.14125;2797;3.12985
2798;3.14124;2798;3.14164;2798;3.14125;2798;3.12985
2799;3.14195;2799;3.14164;2799;3.14125;2799;3.12985
2800;3.14124;2800;3.14164;2800;3.14125;2800;3.12985
2801;3.14195;2801;3.14164;2801;3.14125;2801;3.12985
2802;3.14124;2802;3.14164;2802;3.14125;2802;3.12985
2803;3.14195;2803;3.14164;2803;3.14125;2803;3.12985
2804;3.14124;2804;3.14164;2804;3.14125;2804;3.12985
2805;3.14195;2805;3.14164;2805;3.14125;2805;3.12985
2806;3.14124;2806;3.14164;2806;3.14125;2806;3.12985
2807;3.14195;2807;3.14164;2807;3.14125;2807;3.12985
2808;3.14124;2808;3.14164;2808;3.14125;2808;3.12985
2809;3.14195;2809;3.14164;2809;3.14125;2809;3.12985
2810;3.14124;2810;3.14164;2810;3.14125;2810;3.12985
2811;3.14195;2811;3.14164;2811;3.14125;2811;3.12985
2812;3.14124;2812;3.14164;2812;3.14125;2812;3.12985
2813;3.14195;2813;3.14164;2813;3.14125;2813;3.12985
2814;3.14124;2814;3.14164;2814;3.14125;2814;3.12985
2815;3.14195;2815;3.14164;2815;3.14125;2815;3.12985
2816;3.14124;2816;3.14164;2816;3.14125;2816;3.12985
2817;3.14195;2817;3.14164;2817;3.14125;2817;3.12985
2818;3.14124;2818;3.14164;2818;3.14125;2818;3.12985
2819;3.14195;2819;3.14164;2819;3.14125;2819;3.12985
2820;3.14124;2820;3.14164;2820;3.14125;2820;3.12985
2821;3.14195;2821;3.14164;2821;3.14125;2821;3.12985
2822;3.14124;2822;3.14164;2822;3.14125;2822;3.12985
2823;3.14195;2823;3.14164;2823;3.14125;2823;3.12985
2824;3.14124;2824;3.14164;2824;3.14125;2824;3.12985
2825;3.14195;2825;3.14164;2825;3.14125;2825;3.12985
2826;3.14124;2826;3.14164;2826;3.14125;2826;3.12985
2827;3.14195;2827;3.14164;2827;3.14125;2827;3.12985
2828;3.14124;2828;3.14164;2828;3.14125;2828;3.12985
2829;3.14195;2829;3.14164;2829;3.14125;2829;3.12985
2830;3.14124;2830;3.14164;2830;3.14125;2830;3.12985
2831;3.14195;2831;3.14164;2831;3.14125;2831;3.12985
2832;3.14124;2832;3.14164;2832;3.14125;2832;3.12985
2833;3.14195;2833;3.14164;2833;3.14125;2833;3.12985
2834;3.14124;2834;3.14164;2834;3.14125;2834;3.12985
2835;3.14195;2835;3.14164;2835;3.14125;2835;3.12985
2836;3.14124;2836;3.14164;2836;3.14125;2836;3.12985
2837;3.14195;2837;3.14164;2837;3.14125;2837;3.12985
2838;3.14124;2838;3.14164;2838;3.14125;2838;3.12985
2839;3.14195;2839;3.14164;2839;3.14125;2839;3.12985
2840;3.14124;2840;3.14164;2840;3.14125;2840;3.12985
2841;3.14194;2841;3.14164;2841;3.14125;2841;3.12985
2842;3.14124;2842;3.14164;2842;3.14125;2842;3.12985
2843;3.14194;2843;3.14164;2843;3.14125;2843;3.12985
2844;3.14124;2844;3.14164;2844;3.14125;2844;3.12985
2845;3.14194;2845;3.14164;2845;3.14125;2845;3.12985
2846;3.14124;2846;3.14164;2846;3.14125;2846;3.12985
2847;3.14194;2847;3.14164;2847;3.14125;2847;3.12985
2848;3.14124;2848;3.14164;2848;3.14125;2848;3.12985
2849;3.14194;2849;3.14164;2849;3.14125;2849;3.12985
2850;3.14124;2850;3.14164;2850;3.14125;2850;3.12985
2851;3.14194;2851;3.14164;2851;3.14125;2851;3.12985
2852;3.14124;2852;3.14164;2852;3.14125;2852;3.12985
2853;3.14194;2853;3.14164;2853;3.14125;2853;3.12985
2854;3.14124;2854;3.14164;2854;3.14125;2854;3.12985
2855;3.14194;2855;3.14164;2855;3.14125;2855;3.12985
2856;3.14124;2856;3.14164;2856;3.14125;2856;3.12985
2857;3.14194;2857;3.14164;2857;3.14125;2857;3.12985
2858;3.14124;2858;3.14164;2858;3.14125;2858;3.12985
2859;3.14194;2859;3.14164;2859;3.14125;2859;3.12985
2860;3.14124;2860;3.14164;2860;3.14125;2860;3.12985
2861;3.14194;2861;3.14164;2861;3.14125;2861;3.12985
2862;3.14124;2862;3.14164;2862;3.14125;2862;3.12985
2863;3.14194;2863;3.14164;2863;3.14125;2863;3.12985
2864;3.14124;2864;3.14164;2864;3.14125;2864;3.12986
2865;3.14194;2865;3.14164;2865;3.14125;2865;3.12986
2866;3.14124;2866;3.14164;2866;3.14125;2866;3.12986
2867;3.14194;2867;3.14164;2867;3.14125;2867;3.12986
2868;3.14124;2868;3.14164;2868;3.14125;2868;3.12986
2869;3.14194;2869;3.14164;2869;3.14125;2869;3.12986
2870;3.14124;2870;3.14164;2870;3.14125;2870;3.12986
2871;3.14194;2871;3.14164;2871;3.14125;2871;3.12986
2872;3.14124;2872;3.14164;2872;3.14125;2872;3.12986
2873;3.14194;2873;3.14164;2873;3.14125;2873;3.12986
2874;3.14125;2874;3.14164;2874;3.14125;2874;3.12986
2875;3.14194;2875;3.14164;2875;3.14125;2875;3.12986
2876;3.14125;2876;3.14164;2876;3.14125;2876;3.12986
2877;3.14194;2877;3.14164;2877;3.14125;2877;3.12986
2878;3.14125;2878;3.14164;2878;3.14125;2878;3.12986
2879;3.14194;2879;3.14164;2879;3.14125;2879;3.12986
2880;3.14125;2880;3.14164;2880;3.14125;2880;3.12986
2881;3.14194;2881;3.14164;2881;3.14126;2881;3.12986
2882;3.14125;2882;3.14164;2882;3.14126;2882;3.12986
2883;3.14194;2883;3.14164;2883;3.14126;2883;3.12986
2884;3.14125;2884;3.14164;2884;3.14126;2884;3.12986
2885;3.14194;2885;3.14164;2885;3.14126;2885;3.12986
2886;3.14125;2886;3.14164;2886;3.14126;2886;3.12986
2887;3.14194;2887;3.14164;2887;3.14126;2887;3.12986
2888;3.14125;2888;3.14164;2888;3.14126;2888;3.12986
2889;3.14194;2889;3.14164;2889;3.14126;2889;3.12986
2890;3.14125;2890;3.14164;2890;3.14126;2890;3.12986
2891;3.14194;2891;3.14164;2891;3.14126;2891;3.12986
2892;3.14125;2892;3.14164;2892;3.14126;2892;3.12986
2893;3.14194;2893;3.14164;2893;3.14126;2893;3.12986
2894;3.14125;2894;3.14164;2894;3.14126;2894;3.12986
2895;3.14194;2895;3.14164;2895;3.14126;2895;3.12986
2896;3.14125;2896;3.14164;2896;3.14126;2896;3.12986
2897;3.14194;2897;3.14164;2897;3.14126;2897;3.12986
2898;3.14125;2898;3.14164;2898;3.14126;2898;3.12986
2899;3.14194;2899;3.14164;2899;3.14126;2899;3.12986
2900;3.14125;2900;3.14164;2900;3.14126;2900;3.12986
2901;3.14194;2901;3.14164;2901;3.14126;2901;3.12986
2902;3.14125;2902;3.14164;2902;3.14126;2902;3.12986
2903;3.14194;2903;3.14164;2903;3.14126;2903;3.12986
2904;3.14125;2904;3.14164;2904;3.14126;2904;3.12986
2905;3.14194;2905;3.14164;2905;3.14126;2905;3.12986
2906;3.14125;2906;3.14164;2906;3.14126;2906;3.12986
2907;3.14194;2907;3.14164;2907;3.14126;2907;3.12986
2908;3.14125;2908;3.14164;2908;3.14126;2908;3.12986
2909;3.14194;2909;3.14164;2909;3.14126;2909;3.12986
2910;3.14125;2910;3.14164;2910;3.14126;2910;3.12986
2911;3.14194;2911;3.14164;2911;3.14126;2911;3.12986
2912;3.14125;2912;3.14164;2912;3.14126;2912;3.12986
2913;3.14194;2913;3.14164;2913;3.14126;2913;3.12986
2914;3.14125;2914;3.14164;2914;3.14126;2914;3.12986
2915;3.14194;2915;3.14164;2915;3.14126;2915;3.12986
2916;3.14125;2916;3.14164;2916;3.14126;2916;3.12986
2917;3.14194;2917;3.14164;2917;3.14126;2917;3.12986
2918;3.14125;2918;3.14164;2918;3.14126;2918;3.12986
2919;3.14194;2919;3.14164;2919;3.14126;2919;3.12986
2920;3.14125;2920;3.14164;2920;3.14126;2920;3.12986
2921;3.14194;2921;3.14164;2921;3.14126;2921;3.12986
2922;3.14125;2922;3.14164;2922;3.14126;2922;3.12986
2923;3.14194;2923;3.14164;2923;3.14126;2923;3.12986
2924;3.14125;2924;3.14164;2924;3.14126;2924;3.12986
2925;3.14193;2925;3.14164;2925;3.14126;2925;3.12986
2926;3.14125;2926;3.14164;2926;3.14126;2926;3.12986
2927;3.14193;2927;3.14164;2927;3.14126;2927;3.12986
2928;3.14125;2928;3.14164;2928;3.14126;2928;3.12986
2929;3.14193;2929;3.14164;2929;3.14126;2929;3.12986
2930;3.14125;2930;3.14164;2930;3.14126;2930;3.12986
2931;3.14193;2931;3.14164;2931;3.14126;2931;3.12986
2932;3.14125;2932;3.14164;2932;3.14126;2932;3.12986
2933;3.14193;2933;3.14164;2933;3.14126;2933;3.12986
2934;3.14125;2934;3.14164;2934;3.14126;2934;3.12986
2935;3.14193;2935;3.14164;2935;3.14126;2935;3.12986
2936;3.14125;2936;3.14164;2936;3.14126;2936;3.12986
2937;3.14193;2937;3.14164;2937;3.14126;2937;3.12986
2938;3.14125;2938;3.14164;2938;3.14126;2938;3.12986
2939;3.14193;2939;3.14164;2939;3.14126;2939;3.12986
2940;3.14125;2940;3.14164;2940;3.14126;2940;3.12986
2941;3.14193;2941;3.14164;2941;3.14126;2941;3.12986
2942;3.14125;2942;3.14164;2942;3.14126;2942;3.12986
2943;3.14193;2943;3.14164;2943;3.14126;2943;3.12986
2944;3.14125;2944;3.14164;2944;3.14126;2944;3.12986
2945;3.14193;2945;3.14164;2945;3.14126;2945;3.12986
2946;3.14125;2946;3.14164;2946;3.14126;2946;3.12986
2947;3.14193;2947;3.14164;2947;3.14126;2947;3.12986
2948;3.14125;2948;3.14164;2948;3.14126;2948;3.12986
2949;3.14193;2949;3.14164;2949;3.14126;2949;3.12986
2950;3.14125;2950;3.14164;2950;3.14126;2950;3.12986
2951;3.14193;2951;3.14164;2951;3.14126;2951;3.12986
2952;3.14125;2952;3.14164;2952;3.14126;2952;3.12987
2953;3.14193;2953;3.14164;2953;3.14126;2953;3.12987
2954;3.14125;2954;3.14164;2954;3.14126;2954;3.12987
2955;3.14193;2955;3.14164;2955;3.14126;2955;3.12987
2956;3.14125;2956;3.14164;2956;3.14126;2956;3.12987
2957;3.14193;2957;3.14164;2957;3.14126;2957;3.12987
2958;3.14126;2958;3.14164;2958;3.14126;2958;3.12987
2959;3.14193;2959;3.14164;2959;3.14126;2959;3.12987
2960;3.14126;2960;3.14164;2960;3.14126;2960;3.12987
2961;3.14193;2961;3.14164;2961;3.14126;2961;3.12987
2962;3.14126;2962;3.14164;2962;3.14126;2962;3.12987
2963;3.14193;2963;3.14164;2963;3.14126;2963;3.12987
2964;3.14126;2964;3.14164;2964;3.14126;2964;3.12987
2965;3.14193;2965;3.14164;2965;3.14126;2965;3.12987
2966;3.14126;2966;3.14164;2966;3.14126;2966;3.12987
2967;3.14193;2967;3.14164;2967;3.14126;2967;3.12987
2968;3.14126;2968;3.14164;2968;3.14126;2968;3.12987
2969;3.14193;2969;3.14164;2969;3.14127;2969;3.12987
2970;3.14126;2970;3.14164;2970;3.14127;2970;3.12987
2971;3.14193;2971;3.14164;2971;3.14127;2971;3.12987
2972;3.14126;2972;3.14164;2972;3.14127;2972;3.12987
2973;3.14193;2973;3.14164;2973;3.14127;2973;3.12987
2974;3.14126;2974;3.14164;2974;3.14127;2974;3.12987
2975;3.14193;2975;3.14164;2975;3.14127;2975;3.12987
2976;3.14126;2976;3.14164;2976;3.14127;2976;3.12987
2977;3.14193;2977;3.14164;2977;3.14127;2977;3.12987
2978;3.14126;2978;3.14164;2978;3.14127;2978;3.12987
2979;3.14193;2979;3.14164;2979;3.14127;2979;3.12987
2980;3.14126;2980;3.14164;2980;3.14127;2980;3.12987
2981;3.14193;2981;3.14164;2981;3.14127;2981;3.12987
2982;3.14126;2982;3.14164;2982;3.14127;2982;3.12987
2983;3.14193;2983;3.14164;2983;3.14127;2983;3.12987
2984;3.14126;2984;3.14164;2984;3.14127;2984;3.12987
2985;3.14193;2985;3.14164;2985;3.14127;2985;3.12987
2986;3.14126;2986;3.14164;2986;3.14127;2986;3.12987
2987;3.14193;2987;3.14164;2987;3.14127;2987;3.12987
2988;3.14126;2988;3.14164;2988;3.14127;2988;3.12987
2989;3.14193;2989;3.14164;2989;3.14127;2989;3.12987
2990;3.14126;2990;3.14164;2990;3.14127;2990;3.12987
2991;3.14193;2991;3.14164;2991;3.14127;2991;3.12987
2992;3.14126;2992;3.14164;2992;3.14127;2992;3.12987
2993;3.14193;2993;3.14164;2993;3.14127;2993;3.12987
2994;3.14126;2994;3.14164;2994;3.14127;2994;3.12987
2995;3.14193;2995;3.14164;2995;3.14127;2995;3.12987
2996;3.14126;2996;3.14164;2996;3.14127;2996;3.12987
2997;3.14193;2997;3.14164;2997;3.14127;2997;3.12987
2998;3.14126;2998;3.14164;2998;3.14127;2998;3.12987
2999;3.14193;2999;3.14164;2999;3.14127;2999;3.12987
3000;3.14126;3000;3.14164;3000;3.14127;3000;3.12987
3001;3.14193;3001;3.14164;3001;3.14127;3001;3.12987
3002;3.14126;3002;3.14164;3002;3.14127;3002;3.12987
3003;3.14193;3003;3.14164;3003;3.14127;3003;3.12987
3004;3.14126;3004;3.14164;3004;3.14127;3004;3.12987
3005;3.14193;3005;3.14164;3005;3.14127;3005;3.12987
3006;3.14126;3006;3.14164;3006;3.14127;3006;3.12987
3007;3.14193;3007;3.14164;3007;3.14127;3007;3.12987
3008;3.14126;3008;3.14164;3008;3.14127;3008;3.12987
3009;3.14193;3009;3.14164;3009;3.14127;3009;3.12987
3010;3.14126;3010;3.14164;3010;3.14127;3010;3.12987
3011;3.14193;3011;3.14164;3011;3.14127;3011;3.12987
3012;3.14126;3012;3.14164;3012;3.14127;3012;3.12987
3013;3.14192;3013;3.14164;3013;3.14127;3013;3.12987
3014;3.14126;3014;3.14164;3014;3.14127;3014;3.12987
3015;3.14192;3015;3.14164;3015;3.14127;3015;3.12987
3016;3.14126;3016;3.14164;3016;3.14127;3016;3.12987
3017;3.14192;3017;3.14164;3017;3.14127;3017;3.12987
3018;3.14126;3018;3.14164;3018;3.14127;3018;3.12987
3019;3.14192;3019;3.14164;3019;3.14127;3019;3.12987
3020;3.14126;3020;3.14164;3020;3.14127;3020;3.12987
3021;3.14192;3021;3.14164;3021;3.14127;3021;3.12987
3022;3.14126;3022;3.14164;3022;3.14127;3022;3.12987
3023;3.14192;3023;3.14164;3023;3.14127;3023;3.12987
3024;3.14126;3024;3.14164;3024;3.14127;3024;3.12987
3025;3.14192;3025;3.14164;3025;3.14127;3025;3.12987
3026;3.14126;3026;3.14164;3026;3.14127;3026;3.12987
3027;3.14192;3027;3.14164;3027;3.14127;3027;3.12987
3028;3.14126;3028;3.14164;3028;3.14127;3028;3.12987
3029;3.14192;3029;3.14164;3029;3.14127;3029;3.12987
3030;3.14126;3030;3.14164;3030;3.14127;3030;3.12987
3031;3.14192;3031;3.14164;3031;3.14127;3031;3.12987
3032;3.14126;3032;3.14164;3032;3.14127;3032;3.12987
3033;3.14192;3033;3.14164;3033;3.14127;3033;3.12987
3034;3.14126;3034;3.14164;3034;3.14127;3034;3.12987
3035;3.14192;3035;3.14164;3035;3.14127;3035;3.12987
3036;3.14126;3036;3.14164;3036;3.14127;3036;3.12987
3037;3.14192;3037;3.14164;3037;3.14127;3037;3.12987
3038;3.14126;3038;3.14164;3038;3.14127;3038;3.12987
3039;3.14192;3039;3.14164;3039;3.14127;3039;3.12987
3040;3.14126;3040;3.14164;3040;3.14127;3040;3.12988
3041;3.14192;3041;3.14164;3041;3.14127;3041;3.12988
3042;3.14126;3042;3.14164;3042;3.14127;3042;3.12988
3043;3.14192;3043;3.14164;3043;3.14127;3043;3.12988
3044;3.14126;3044;3.14164;3044;3.14127;3044;3.12988
3045;3.14192;3045;3.14164;3045;3.14127;3045;3.12988
3046;3.14126;3046;3.14164;3046;3.14127;3046;3.12988
3047;3.14192;3047;3.14164;3047;3.14127;3047;3.12988
3048;3.14126;3048;3.14164;3048;3.14127;3048;3.12988
3049;3.14192;3049;3.14164;3049;3.14127;3049;3.12988
3050;3.14127;3050;3.14164;3050;3.14127;3050;3.12988
3051;3.14192;3051;3.14164;3051;3.14127;3051;3.12988
3052;3.14127;3052;3.14164;3052;3.14127;3052;3.12988
3053;3.14192;3053;3.14164;3053;3.14127;3053;3.12988
3054;3.14127;3054;3.14164;3054;3.14127;3054;3.12988
3055;3.14192;3055;3.14164;3055;3.14127;3055;3.12988
3056;3.14127;3056;3.14164;3056;3.14127;3056;3.12988
3057;3.14192;3057;3.14164;3057;3.14128;3057;3.12988
3058;3.14127;3058;3.14164;3058;3.14128;3058;3.12988
3059;3.14192;3059;3.14164;3059;3.14128;3059;3.12988
3060;3.14127;3060;3.14164;3060;3.14128;3060;3.12988
3061;3.14192;3061;3.14164;3061;3.14128;3061;3.12988
3062;3.14127;3062;3.14164;3062;3.14128;3062;3.12988
3063;3.14192;3063;3.14164;3063;3.14128;3063;3.12988
3064;3.14127;3064;3.14164;3064;3.14128;3064;3.12988
3065;3.14192;3065;3.14164;3065;3.14128;3065;3.12988
3066;3.14127;3066;3.14164;3066;3.14128;3066;3.12988
3067;3.14192;3067;3.14164;3067;3.14128;3067;3.12988
3068;3.14127;3068;3.14164;3068;3.14128;3068;3.12988
3069;3.14192;3069;3.14164;3069;3.14128;3069;3.12988
3070;3.14127;3070;3.14164;3070;3.14128;3070;3.12988
3071;3.14192;3071;3.14164;3071;3.14128;3071;3.12988
3072;3.14127;3072;3.14164;3072;3.14128;3072;3.12988
3073;3.14192;3073;3.14164;3073;3.14128;3073;3.12988
3074;3.14127;3074;3.14164;3074;3.14128;3074;3.12988
3075;3.14192;3075;3.14164;3075;3.14128;3075;3.12988
3076;3.14127;3076;3.14164;3076;3.14128;3076;3.12988
3077;3.14192;3077;3.14164;3077;3.14128;3077;3.12988
3078;3.14127;3078;3.14164;3078;3.14128;3078;3.12988
3079;3.14192;3079;3.14164;3079;3.14128;3079;3.12988
3080;3.14127;3080;3.14164;3080;3.14128;3080;3.12988
3081;3.14192;3081;3.14164;3081;3.14128;3081;3.12988
3082;3.14127;3082;3.14164;3082;3.14128;3082;3.12988
3083;3.14192;3083;3.14164;3083;3.14128;3083;3.12988
3084;3.14127;3084;3.14164;3084;3.14128;3084;3.12988
3085;3.14192;3085;3.14164;3085;3.14128;3085;3.12988
3086;3.14127;3086;3.14164;3086;3.14128;3086;3.12988
3087;3.14192;3087;3.14164;3087;3.14128;3087;3.12988
3088;3.14127;3088;3.14164;3088;3.14128;3088;3.12988
3089;3.14192;3089;3.14164;3089;3.14128;3089;3.12988
3090;3.14127;3090;3.14164;3090;3.14128;3090;3.12988
3091;3.14192;3091;3.14164;3091;3.14128;3091;3.12988
3092;3.14127;3092;3.14164;3092;3.14128;3092;3.12988
3093;3.14192;3093;3.14164;3093;3.14128;3093;3.12988
3094;3.14127;3094;3.14164;3094;3.14128;3094;3.12988
3095;3.14192;3095;3.14164;3095;3.14128;3095;3.12988
3096;3.14127;3096;3.14164;3096;3.14128;3096;3.12988
3097;3.14192;3097;3.14164;3097;3.14128;3097;3.12988
3098;3.14127;3098;3.14164;3098;3.14128;3098;3.12988
3099;3.14192;3099;3.14164;3099;3.14128;3099;3.12988
3100;3.14127;3100;3.14164;3100;3.14128;3100;3.12988
3101;3.14192;3101;3.14164;3101;3.14128;3101;3.12988
3102;3.14127;3102;3.14164;3102;3.14128;3102;3.12988
3103;3.14192;3103;3.14164;3103;3.14128;3103;3.12988
3104;3.14127;3104;3.14164;3104;3.14128;3104;3.12988
3105;3.14192;3105;3.14164;3105;3.14128;3105;3.12988
3106;3.14127;3106;3.14164;3106;3.14128;3106;3.12988
3107;3.14192;3107;3.14164;3107;3.14128;3107;3.12988
3108;3.14127;3108;3.14164;3108;3.14128;3108;3.12988
3109;3.14192;3109;3.14164;3109;3.14128;3109;3.12988
3110;3.14127;3110;3.14164;3110;3.14128;3110;3.12988
3111;3.14192;3111;3.14164;3111;3.14128;3111;3.12988
3112;3.14127;3112;3.14164;3112;3.14128;3112;3.12988
3113;3.14191;3113;3.14164;3113;3.14128;3113;3.12988
3114;3.14127;3114;3.14164;3114;3.14128;3114;3.12988
3115;3.14191;3115;3.14164;3115;3.14128;3115;3.12988
3116;3.14127;3116;3.14164;3116;3.14128;3116;3.12988
3117;3.14191;3117;3.14164;3117;3.14128;3117;3.12988
3118;3.14127;3118;3.14164;3118;3.14128;3118;3.12988
3119;3.14191;3119;3.14164;3119;3.14128;3119;3.12988
3120;3.14127;3120;3.14164;3120;3.14128;3120;3.12988
3121;3.14191;3121;3.14164;3121;3.14128;3121;3.12988
3122;3.14127;3122;3.14164;3122;3.14128;3122;3.12988
3123;3.14191;3123;3.14164;3123;3.14128;3123;3.12988
3124;3.14127;3124;3.14164;3124;3.14128;3124;3.12988
3125;3.14191;3125;3.14164;3125;3.14128;3125;3.12988
3126;3.14127;3126;3.14164;3126;3.14128;3126;3.12989
3127;3.14191;3127;3.14164;3127;3.14128;3127;3.12989
3128;3.14127;3128;3.14164;3128;3.14128;3128;3.12989
3129;3.14191;3129;3.14164;3129;3.14128;3129;3.12989
3130;3.14127;3130;3.14164;3130;3.14128;3130;3.12989
3131;3.14191;3131;3.14164;3131;3.14128;3131;3.12989
3132;3.14127;3132;3.14164;3132;3.14128;3132;3.12989
3133;3.14191;3133;3.14164;3133;3.14128;3133;3.12989
3134;3.14127;3134;3.14164;3134;3.14128;3134;3.12989
3135;3.14191;3135;3.14164;3135;3.14128;3135;3.12989
3136;3.14127;3136;3.14164;3136;3.14128;3136;3.12989
3137;3.14191;3137;3.14164;3137;3.14128;3137;3.12989
3138;3.14128;3138;3.14164;3138;3.14128;3138;3.12989
3139;3.14191;3139;3.14164;3139;3.14128;3139;3.12989
3140;3.14128;3140;3.14164;3140;3.14128;3140;3.12989
3141;3.14191;3141;3.14164;3141;3.14128;3141;3.12989
3142;3.14128;3142;3.14164;3142;3.14128;3142;3.12989
3143;3.14191;3143;3.14164;3143;3.14128;3143;3.12989
3144;3.14128;3144;3.14164;3144;3.14128;3144;3.12989
3145;3.14191;3145;3.14164;3145;3.14129;3145;3.12989
3146;3.14128;3146;3.14164;3146;3.14129;3146;3.12989
3147;3.14191;3147;3.14164;3147;3.14129;3147;3.12989
3148;3.14128;3148;3.14164;3148;3.14129;3148;3.12989
3149;3.14191;3149;3.14164;3149;3.14129;3149;3.12989
3150;3.14128;3150;3.14164;3150;3.14129;3150;3.12989
3151;3.14191;3151;3.14164;3151;3.14129;3151;3.12989
3152;3.14128;3152;3.14164;3152;3.14129;3152;3.12989
3153;3.14191;3153;3.14164;3153;3.14129;3153;3.12989
3154;3.14128;3154;3.14164;3154;3.14129;3154;3.12989
3155;3.14191;3155;3.14164;3155;3.14129;3155;3.12989
3156;3.14128;3156;3.14164;3156;3.14129;3156;3.12989
3157;3.14191;3157;3.14164;3157;3.14129;3157;3.12989
3158;3.14128;3158;3.14164;3158;3.14129;3158;3.12989
3159;3.14191;3159;3.14164;3159;3.14129;3159;3.12989
3160;3.14128;3160;3.14164;3160;3.14129;3160;3.12989
3161;3.14191;3161;3.14164;3161;3.14129;3161;3.12989
3162;3.14128;3162;3.14164;3162;3.14129;3162;3.12989
3163;3.14191;3163;3.14164;3163;3.14129;3163;3.12989
3164;3.14128;3164;3.14164;3164;3.14129;3164;3.12989
3165;3.14191;3165;3.14164;3165;3.14129;3165;3.12989
3166;3.14128;3166;3.14164;3166;3.14129;3166;3.12989
3167;3.14191;3167;3.14164;3167;3.14129;3167;3.12989
3168;3.14128;3168;3.14164;3168;3.14129;3168;3.12989
3169;3.14191;3169;3.14164;3169;3.14129;3169;3.12989
3170;3.14128;3170;3.14164;3170;3.14129;3170;3.12989
3171;3.14191;3171;3.14164;3171;3.14129;3171;3.12989
3172;3.14128;3172;3.14164;3172;3.14129;3172;3.12989
3173;3.14191;3173;3.14164;3173;3.14129;3173;3.12989
3174;3.14128;3174;3.14164;3174;3.14129;3174;3.12989
3175;3.14191;3175;3.14164;3175;3.14129;3175;3.12989
3176;3.14128;3176;3.14164;3176;3.14129;3176;3.12989
3177;3.14191;3177;3.14164;3177;3.14129;3177;3.12989
3178;3.14128;3178;3.14164;3178;3.14129;3178;3.12989
3179;3.14191;3179;3.14164;3179;3.14129;3179;3.12989
3180;3.14128;3180;3.14164;3180;3.14129;3180;3.12989
3181;3.14191;3181;3.14164;3181;3.14129;3181;3.12989
3182;3.14128;3182;3.14164;3182;3.14129;3182;3.12989
3183;3.14191;3183;3.14164;3183;3.14129;3183;3.12989
3184;3.14128;3184;3.14164;3184;3.14129;3184;3.12989
3185;3.14191;3185;3.14164;3185;3.14129;3185;3.12989
3186;3.14128;3186;3.14164;3186;3.14129;3186;3.12989
3187;3.14191;3187;3.14164;3187;3.14129;3187;3.12989
3188;3.14128;3188;3.14164;3188;3.14129;3188;3.12989
3189;3.14191;3189;3.14164;3189;3.14129;3189;3.12989
3190;3.14128;3190;3.14164;3190;3.14129;3190;3.12989
3191;3.14191;3191;3.14164;3191;3.14129;3191;3.12989
3192;3.14128;3192;3.14164;3192;3.14129;3192;3.12989
3193;3.14191;3193;3.14164;3193;3.14129;3193;3.12989
3194;3.14128;3194;3.14164;3194;3.14129;3194;3.12989
3195;3.14191;3195;3.14164;3195;3.14129;3195;3.12989
3196;3.14128;3196;3.14164;3196;3.14129;3196;3.12989
3197;3.14191;3197;3.14164;3197;3.14129;3197;3.12989
3198;3.14128;3198;3.14164;3198;3.14129;3198;3.12989
3199;3.14191;3199;3.14164;3199;3.14129;3199;3.12989
3200;3.14128;3200;3.14164;3200;3.14129;3200;3.12989
3201;3.14191;3201;3.14164;3201;3.14129;3201;3.12989
3202;3.14128;3202;3.14164;3202;3.14129;3202;3.12989
3203;3.14191;3203;3.14164;3203;3.14129;3203;3.12989
3204;3.14128;3204;3.14164;3204;3.14129;3204;3.12989
3205;3.14191;3205;3.14164;3205;3.14129;3205;3.12989
3206;3.14128;3206;3.14164;3206;3.14129;3206;3.12989
3207;3.14191;3207;3.14164;3207;3.14129;3207;3.12989
3208;3.14128;3208;3.14164;3208;3.14129;3208;3.12989
3209;3.14191;3209;3.14164;3209;3.14129;3209;3.12989
3210;3.14128;3210;3.14164;3210;3.14129;3210;3.12989
3211;3.14191;3211;3.14164;3211;3.14129;3211;3.12989
3212;3.14128;3212;3.14164;3212;3.14129;3212;3.12989
3213;3.14191;3213;3.14164;3213;3.14129;3213;3.12989
3214;3.14128;3214;3.14164;3214;3.14129;3214;3.1299
3215;3.14191;3215;3.14164;3215;3.14129;3215;3.1299
3216;3.14128;3216;3.14164;3216;3.14129;3216;3.1299
3217;3.14191;3217;3.14164;3217;3.14129;3217;3.1299
3218;3.14128;3218;3.14164;3218;3.14129;3218;3.1299
3219;3.14191;3219;3.14164;3219;3.14129;3219;3.1299
3220;3.14128;3220;3.14164;3220;3.14129;3220;3.1299
3221;3.1419;3221;3.14164;3221;3.14129;3221;3.1299
3222;3.14128;3222;3.14164;3222;3.14129;3222;3.1299
3223;3.1419;3223;3.14164;3223;3.14129;3223;3.1299
3224;3.14128;3224;3.14164;3224;3.14129;3224;3.1299
3225;3.1419;3225;3.14164;3225;3.14129;3225;3.1299
3226;3.14128;3226;3.14164;3226;3.14129;3226;3.1299
3227;3.1419;3227;3.14164;3227;3.14129;3227;3.1299
3228;3.14128;3228;3.14164;3228;3.14129;3228;3.1299
3229;3.1419;3229;3.14164;3229;3.14129;3229;3.1299
3230;3.14128;3230;3.14164;3230;3.14129;3230;3.1299
3231;3.1419;3231;3.14164;3231;3.14129;3231;3.1299
3232;3.14129;3232;3.14164;3232;3.14129;3232;3.1299
3233;3.1419;3233;3.14164;3233;3.1413;3233;3.1299
3234;3.14129;3234;3.14164;3234;3.1413;3234;3.1299
3235;3.1419;3235;3.14164;3235;3.1413;3235;3.1299
3236;3.14129;3236;3.14164;3236;3.1413;3236;3.1299
3237;3.1419;3237;3.14164;3237;3.1413;3237;3.1299
3238;3.14129;3238;3.14164;3238;3.1413;3238;3.1299
3239;3.1419;3239;3.14164;3239;3.1413;3239;3.1299
3240;3.14129;3240;3.14164;3240;3.1413;3240;3.1299
3241;3.1419;3241;3.14164;3241;3.1413;3241;3.1299
3242;3.14129;3242;3.14164;3242;3.1413;3242;3.1299
3243;3.1419;3243;3.14164;3243;3.1413;3243;3.1299
3244;3.14129;3244;3.14164;3244;3.1413;3244;3.1299
3245;3.1419;3245;3.14164;3245;3.1413;3245;3.1299
3246;3.14129;3246;3.14164;3246;3.1413;3246;3.1299
3247;3.1419;3247;3.14164;3247;3.1413;3247;3.1299
3248;3.14129;3248;3.14164;3248;3.1413;3248;3.1299
3249;3.1419;3249;3.14164;3249;3.1413;3249;3.1299
3250;3.14129;3250;3.14164;3250;3.1413;3250;3.1299
3251;3.1419;3251;3.14164;3251;3.1413;3251;3.1299
3252;3.14129;3252;3.14164;3252;3.1413;3252;3.1299
3253;3.1419;3253;3.14164;3253;3.1413;3253;3.1299
3254;3.14129;3254;3.14164;3254;3.1413;3254;3.1299
3255;3.1419;3255;3.14164;3255;3.1413;3255;3.1299
3256;3.14129;3256;3.14164;3256;3.1413;3256;3.1299
3257;3.1419;3257;3.14164;3257;3.1413;3257;3.1299
3258;3.14129;3258;3.14164;3258;3.1413;3258;3.1299
3259;3.1419;3259;3.14164;3259;3.1413;3259;3.1299
3260;3.14129;3260;3.14164;3260;3.1413;3260;3.1299
3261;3.1419;3261;3.14164;3261;3.1413;3261;3.1299
3262;3.14129;3262;3.14164;3262;3.1413;3262;3.1299
3263;3.1419;3263;3.14164;3263;3.1413;3263;3.1299
3264;3.14129;3264;3.14164;3264;3.1413;3264;3.1299
3265;3.1419;3265;3.14164;3265;3.1413;3265;3.1299
3266;3.14129;3266;3.14164;3266;3.1413;3266;3.1299
3267;3.1419;3267;3.14164;3267;3.1413;3267;3.1299
3268;3.14129;3268;3.14164;3268;3.1413;3268;3.1299
3269;3.1419;3269;3.14164;3269;3.1413;3269;3.1299
3270;3.14129;3270;3.14164;3270;3.1413;3270;3.1299
3271;3.1419;3271;3.14164;3271;3.1413;3271;3.1299
3272;3.14129;3272;3.14164;3272;3.1413;3272;3.1299
3273;3.1419;3273;3.14164;3273;3.1413;3273;3.1299
3274;3.14129;3274;3.14164;3274;3.1413;3274;3.1299
3275;3.1419;3275;3.14164;3275;3.1413;3275;3.1299
3276;3.14129;3276;3.14164;3276;3.1413;3276;3.1299
3277;3.1419;3277;3.14164;3277;3.1413;3277;3.1299
3278;3.14129;3278;3.14164;3278;3.1413;3278;3.1299
3279;3.1419;3279;3.14164;3279;3.1413;3279;3.1299
3280;3.14129;3280;3.14164;3280;3.1413;3280;3.1299
3281;3.1419;3281;3.14164;3281;3.1413;3281;3.1299
3282;3.14129;3282;3.14164;3282;3.1413;3282;3.1299
3283;3.1419;3283;3.14164;3283;3.1413;3283;3.1299
3284;3.14129;3284;3.14164;3284;3.1413;3284;3.1299
3285;3.1419;3285;3.14164;3285;3.1413;3285;3.1299
3286;3.14129;3286;3.14164;3286;3.1413;3286;3.1299
3287;3.1419;3287;3.14164;3287;3.1413;3287;3.1299
3288;3.14129;3288;3.14164;3288;3.1413;3288;3.1299
3289;3.1419;3289;3.14164;3289;3.1413;3289;3.1299
3290;3.14129;3290;3.14164;3290;3.1413;3290;3.1299
3291;3.1419;3291;3.14164;3291;3.1413;3291;3.1299
3292;3.14129;3292;3.14164;3292;3.1413;3292;3.1299
3293;3.1419;3293;3.14164;3293;3.1413;3293;3.1299
3294;3.14129;3294;3.14164;3294;3.1413;3294;3.1299
3295;3.1419;3295;3.14164;3295;3.1413;3295;3.1299
3296;3.14129;3296;3.14164;3296;3.1413;3296;3.1299
3297;3.1419;3297;3.14164;3297;3.1413;3297;3.1299
3298;3.14129;3298;3.14164;3298;3.1413;3298;3.1299
3299;3.1419;3299;3.14164;3299;3.1413;3299;3.1299
3300;3.14129;3300;3.14164;3300;3.1413;3300;3.1299
3301;3.1419;3301;3.14164;3301;3.1413;3301;3.1299
3302;3.14129;3302;3.14164;3302;3.1413;3302;3.12991
3303;3.1419;3303;3.14164;3303;3.1413;3303;3.12991
3304;3.14129;3304;3.14164;3304;3.1413;3304;3.12991
3305;3.1419;3305;3.14164;3305;3.1413;3305;3.12991
3306;3.14129;3306;3.14164;3306;3.1413;3306;3.12991
3307;3.1419;3307;3.14164;3307;3.1413;3307;3.12991
3308;3.14129;3308;3.14164;3308;3.1413;3308;3.12991
3309;3.1419;3309;3.14164;3309;3.1413;3309;3.12991
3310;3.14129;3310;3.14164;3310;3.1413;3310;3.12991
3311;3.1419;3311;3.14164;3311;3.1413;3311;3.12991
3312;3.14129;3312;3.14164;3312;3.1413;3312;3.12991
3313;3.1419;3313;3.14164;3313;3.1413;3313;3.12991
3314;3.14129;3314;3.14164;3314;3.1413;3314;3.12991
3315;3.1419;3315;3.14164;3315;3.1413;3315;3.12991
3316;3.14129;3316;3.14164;3316;3.1413;3316;3.12991
3317;3.1419;3317;3.14164;3317;3.1413;3317;3.12991
3318;3.14129;3318;3.14164;3318;3.1413;3318;3.12991
3319;3.1419;3319;3.14164;3319;3.1413;3319;3.12991
3320;3.14129;3320;3.14164;3320;3.1413;3320;3.12991
3321;3.1419;3321;3.14164;3321;3.14131;3321;3.12991
3322;3.14129;3322;3.14164;3322;3.14131;3322;3.12991
3323;3.1419;3323;3.14164;3323;3.14131;3323;3.12991
3324;3.14129;3324;3.14164;3324;3.14131;3324;3.12991
3325;3.1419;3325;3.14164;3325;3.14131;3325;3.12991
3326;3.14129;3326;3.14164;3326;3.14131;3326;3.12991
3327;3.14189;3327;3.14164;3327;3.14131;3327;3.12991
3328;3.14129;3328;3.14164;3328;3.14131;3328;3.12991
3329;3.14189;3329;3.14164;3329;3.14131;3329;3.12991
3330;3.14129;3330;3.14164;3330;3.14131;3330;3.12991
3331;3.14189;3331;3.14164;3331;3.14131;3331;3.12991
3332;3.14129;3332;3.14164;3332;3.14131;3332;3.12991
3333;3.14189;3333;3.14164;3333;3.14131;3333;3.12991
3334;3.14129;3334;3.14164;3334;3.14131;3334;3.12991
3335;3.14189;3335;3.14164;3335;3.14131;3335;3.12991
3336;3.14129;3336;3.14164;3336;3.14131;3336;3.12991
3337;3.14189;3337;3.14164;3337;3.14131;3337;3.12991
3338;3.14129;3338;3.14164;3338;3.14131;3338;3.12991
3339;3.14189;3339;3.14164;3339;3.14131;3339;3.12991
3340;3.1413;3340;3.14164;3340;3.14131;3340;3.12991
3341;3.14189;3341;3.14164;3341;3.14131;3341;3.12991
3342;3.1413;3342;3.14164;3342;3.14131;3342;3.12991
3343;3.14189;3343;3.14164;3343;3.14131;3343;3.12991
3344;3.1413;3344;3.14164;3344;3.14131;3344;3.12991
3345;3.14189;3345;3.14164;3345;3.14131;3345;3.12991
3346;3.1413;3346;3.14164;3346;3.14131;3346;3.12991
3347;3.14189;3347;3.14164;3347;3.14131;3347;3.12991
3348;3.1413;3348;3.14164;3348;3.14131;3348;3.12991
3349;3.14189;3349;3.14164;3349;3.14131;3349;3.12991
3350;3.1413;3350;3.14164;3350;3.14131;3350;3.12991
3351;3.14189;3351;3.14164;3351;3.14131;3351;3.12991
3352;3.1413;3352;3.14164;3352;3.14131;3352;3.12991
3353;3.14189;3353;3.14164;3353;3.14131;3353;3.12991
3354;3.1413;3354;3.14164;3354;3.14131;3354;3.12991
3355;3.14189;3355;3.14164;3355;3.14131;3355;3.12991
3356;3.1413;3356;3.14164;3356;3.14131;3356;3.12991
3357;3.14189;3357;3.14164;3357;3.14131;3357;3.12991
3358;3.1413;3358;3.14164;3358;3.14131;3358;3.12991
3359;3.14189;3359;3.14164;3359;3.14131;3359;3.12991
3360;3.1413;3360;3.14164;3360;3.14131;3360;3.12991
3361;3.14189;3361;3.14164;3361;3.14131;3361;3.12991
3362;3.1413;3362;3.14164;3362;3.14131;3362;3.12991
3363;3.14189;3363;3.14164;3363;3.14131;3363;3.12991
3364;3.1413;3364;3.14164;3364;3.14131;3364;3.12991
3365;3.14189;3365;3.14164;3365;3.14131;3365;3.12991
3366;3.1413;3366;3.14164;3366;3.14131;3366;3.12991
3367;3.14189;3367;3.14164;3367;3.14131;3367;3.12991
3368;3.1413;3368;3.14164;3368;3.14131;3368;3.12991
3369;3.14189;3369;3.14164;3369;3.14131;3369;3.12991
3370;3.1413;3370;3.14164;3370;3.14131;3370;3.12991
3371;3.14189;3371;3.14164;3371;3.14131;3371;3.12991
3372;3.1413;3372;3.14164;3372;3.14131;3372;3.12991
3373;3.14189;3373;3.14164;3373;3.14131;3373;3.12991
3374;3.1413;3374;3.14164;3374;3.14131;3374;3.12991
3375;3.14189;3375;3.14164;3375;3.14131;3375;3.12991
3376;3.1413;3376;3.14164;3376;3.14131;3376;3.12991
3377;3.14189;3377;3.14164;3377;3.14131;3377;3.12991
3378;3.1413;3378;3.14164;3378;3.14131;3378;3.12991
3379;3.14189;3379;3.14164;3379;3.14131;3379;3.12991
3380;3.1413;3380;3.14164;3380;3.14131;3380;3.12991
3381;3.14189;3381;3.14164;3381;3.14131;3381;3.12991
3382;3.1413;3382;3.14164;3382;3.14131;3382;3.12991
3383;3.14189;3383;3.14164;3383;3.14131;3383;3.12991
3384;3.1413;3384;3.14164;3384;3.14131;3384;3.12991
3385;3.14189;3385;3.14164;3385;3.14131;3385;3.12991
3386;3.1413;3386;3.14164;3386;3.14131;3386;3.12991
3387;3.14189;3387;3.14164;3387;3.14131;3387;3.12991
3388;3.1413;3388;3.14164;3388;3.14131;3388;3.12991
3389;3.14189;3389;3.14164;3389;3.14131;3389;3.12991
3390;3.1413;3390;3.14164;3390;3.14131;3390;3.12992
3391;3.14189;3391;3.14164;3391;3.14131;3391;3.12992
3392;3.1413;3392;3.14164;3392;3.14131;3392;3.12992
3393;3.14189;3393;3.14164;3393;3.14131;3393;3.12992
3394;3.1413;3394;3.14164;3394;3.14131;3394;3.12992
3395;3.14189;3395;3.14164;3395;3.14131;3395;3.12992
3396;3.1413;3396;3.14164;3396;3.14131;3396;3.12992
3397;3.14189;3397;3.14164;3397;3.14131;3397;3.12992
3398;3.1413;3398;3.14164;3398;3.14131;3398;3.12992
3399;3.14189;3399;3.14164;3399;3.14131;3399;3.12992
3400;3.1413;3400;3.14164;3400;3.14131;3400;3.12992
3401;3.14189;3401;3.14164;3401;3.14131;3401;3.12992
3402;3.1413;3402;3.14164;3402;3.14131;3402;3.12992
3403;3.14189;3403;3.14164;3403;3.14131;3403;3.12992
3404;3.1413;3404;3.14164;3404;3.14131;3404;3.12992
3405;3.14189;3405;3.14164;3405;3.14131;3405;3.12992
3406;3.1413;3406;3.14164;3406;3.14131;3406;3.12992
3407;3.14189;3407;3.14164;3407;3.14131;3407;3.12992
3408;3.1413;3408;3.14164;3408;3.14131;3408;3.12992
3409;3.14189;3409;3.14164;3409;3.14132;3409;3.12992
3410;3.1413;3410;3.14164;3410;3.14132;3410;3.12992
3411;3.14189;3411;3.14164;3411;3.14132;3411;3.12992
3412;3.1413;3412;3.14164;3412;3.14132;3412;3.12992
3413;3.14189;3413;3.14164;3413;3.14132;3413;3.12992
3414;3.1413;3414;3.14164;3414;3.14132;3414;3.12992
3415;3.14189;3415;3.14164;3415;3.14132;3415;3.12992
3416;3.1413;3416;3.14164;3416;3.14132;3416;3.12992
3417;3.14189;3417;3.14164;3417;3.14132;3417;3.12992
3418;3.1413;3418;3.14164;3418;3.14132;3418;3.12992
3419;3.14189;3419;3.14164;3419;3.14132;3419;3.12992
3420;3.1413;3420;3.14164;3420;3.14132;3420;3.12992
3421;3.14189;3421;3.14164;3421;3.14132;3421;3.12992
3422;3.1413;3422;3.14164;3422;3.14132;3422;3.12992
3423;3.14189;3423;3.14164;3423;3.14132;3423;3.12992
3424;3.1413;3424;3.14164;3424;3.14132;3424;3.12992
3425;3.14189;3425;3.14164;3425;3.14132;3425;3.12992
3426;3.1413;3426;3.14164;3426;3.14132;3426;3.12992
3427;3.14189;3427;3.14164;3427;3.14132;3427;3.12992
3428;3.1413;3428;3.14164;3428;3.14132;3428;3.12992
3429;3.14189;3429;3.14164;3429;3.14132;3429;3.12992
3430;3.1413;3430;3.14164;3430;3.14132;3430;3.12992
3431;3.14189;3431;3.14164;3431;3.14132;3431;3.12992
3432;3.1413;3432;3.14164;3432;3.14132;3432;3.12992
3433;3.14189;3433;3.14164;3433;3.14132;3433;3.12992
3434;3.1413;3434;3.14164;3434;3.14132;3434;3.12992
3435;3.14189;3435;3.14164;3435;3.14132;3435;3.12992
3436;3.1413;3436;3.14164;3436;3.14132;3436;3.12992
3437;3.14189;3437;3.14164;3437;3.14132;3437;3.12992
3438;3.1413;3438;3.14164;3438;3.14132;3438;3.12992
3439;3.14189;3439;3.14164;3439;3.14132;3439;3.12992
3440;3.1413;3440;3.14164;3440;3.14132;3440;3.12992
3441;3.14189;3441;3.14164;3441;3.14132;3441;3.12992
3442;3.1413;3442;3.14164;3442;3.14132;3442;3.12992
3443;3.14189;3443;3.14164;3443;3.14132;3443;3.12992
3444;3.1413;3444;3.14164;3444;3.14132;3444;3.12992
3445;3.14189;3445;3.14164;3445;3.14132;3445;3.12992
3446;3.1413;3446;3.14164;3446;3.14132;3446;3.12992
3447;3.14189;3447;3.14164;3447;3.14132;3447;3.12992
3448;3.1413;3448;3.14164;3448;3.14132;3448;3.12992
3449;3.14189;3449;3.14164;3449;3.14132;3449;3.12992
3450;3.14131;3450;3.14164;3450;3.14132;3450;3.12992
3451;3.14188;3451;3.14164;3451;3.14132;3451;3.12992
3452;3.14131;3452;3.14164;3452;3.14132;3452;3.12992
3453;3.14188;3453;3.14164;3453;3.14132;3453;3.12992
3454;3.14131;3454;3.14164;3454;3.14132;3454;3.12992
3455;3.14188;3455;3.14164;3455;3.14132;3455;3.12992
3456;3.14131;3456;3.14164;3456;3.14132;3456;3.12992
3457;3.14188;3457;3.14164;3457;3.14132;3457;3.12992
3458;3.14131;3458;3.14164;3458;3.14132;3458;3.12992
3459;3.14188;3459;3.14164;3459;3.14132;3459;3.12992
3460;3.14131;3460;3.14164;3460;3.14132;3460;3.12992
3461;3.14188;3461;3.14164;3461;3.14132;3461;3.12992
3462;3.14131;3462;3.14164;3462;3.14132;3462;3.12992
3463;3.14188;3463;3.14164;3463;3.14132;3463;3.12992
3464;3.14131;3464;3.14164;3464;3.14132;3464;3.12992
3465;3.14188;3465;3.14164;3465;3.14132;3465;3.12992
3466;3.14131;3466;3.14164;3466;3.14132;3466;3.12992
3467;3.14188;3467;3.14164;3467;3.14132;3467;3.12992
3468;3.14131;3468;3.14164;3468;3.14132;3468;3.12992
3469;3.14188;3469;3.14164;3469;3.14132;3469;3.12992
3470;3.14131;3470;3.14164;3470;3.14132;3470;3.12992
3471;3.14188;3471;3.14164;3471;3.14132;3471;3.12992
3472;3.14131;3472;3.14164;3472;3.14132;3472;3.12992
3473;3.14188;3473;3.14164;3473;3.14132;3473;3.12992
3474;3.14131;3474;3.14164;3474;3.14132;3474;3.12992
3475;3.14188;3475;3.14164;3475;3.14132;3475;3.12993
3476;3.14131;3476;3.14164;3476;3.14132;3476;3.12993
3477;3.14188;3477;3.14164;3477;3.14132;3477;3.12993
3478;3.14131;3478;3.14164;3478;3.14132;3478;3.12993
3479;3.14188;3479;3.14164;3479;3.14132;3479;3.12993
3480;3.14131;3480;3.14164;3480;3.14132;3480;3.12993
3481;3.14188;3481;3.14164;3481;3.14132;3481;3.12993
3482;3.14131;3482;3.14164;3482;3.14132;3482;3.12993
3483;3.14188;3483;3.14164;3483;3.14132;3483;3.12993
3484;3.14131;3484;3.14164;3484;3.14132;3484;3.12993
3485;3.14188;3485;3.14164;3485;3.14132;3485;3.12993
3486;3.14131;3486;3.14164;3486;3.14132;3486;3.12993
3487;3.14188;3487;3.14164;3487;3.14132;3487;3.12993
3488;3.14131;3488;3.14164;3488;3.14132;3488;3.12993
3489;3.14188;3489;3.14164;3489;3.14132;3489;3.12993
3490;3.14131;3490;3.14164;3490;3.14132;3490;3.12993
3491;3.14188;3491;3.14164;3491;3.14132;3491;3.12993
3492;3.14131;3492;3.14164;3492;3.14132;3492;3.12993
3493;3.14188;3493;3.14164;3493;3.14132;3493;3.12993
3494;3.14131;3494;3.14164;3494;3.14132;3494;3.12993
3495;3.14188;3495;3.14164;3495;3.14132;3495;3.12993
3496;3.14131;3496;3.14164;3496;3.14132;3496;3.12993
3497;3.14188;3497;3.14164;3497;3.14133;3497;3.12993
3498;3.14131;3498;3.14164;3498;3.14133;3498;3.12993
3499;3.14188;3499;3.14164;3499;3.14133;3499;3.12993
3500;3.14131;3500;3.14164;3500;3.14133;3500;3.12993
3501;3.14188;3501;3.14164;3501;3.14133;3501;3.12993
3502;3.14131;3502;3.14164;3502;3.14133;3502;3.12993
3503;3.14188;3503;3.14164;3503;3.14133;3503;3.12993
3504;3.14131;3504;3.14164;3504;3.14133;3504;3.12993
3505;3.14188;3505;3.14164;3505;3.14133;3505;3.12993
3506;3.14131;3506;3.14164;3506;3.14133;3506;3.12993
3507;3.14188;3507;3.14164;3507;3.14133;3507;3.12993
3508;3.14131;3508;3.14164;3508;3.14133;3508;3.12993
3509;3.14188;3509;3.14164;3509;3.14133;3509;3.12993
3510;3.14131;3510;3.14164;3510;3.14133;3510;3.12993
3511;3.14188;3511;3.14164;3511;3.14133;3511;3.12993
3512;3.14131;3512;3.14164;3512;3.14133;3512;3.12993
3513;3.14188;3513;3.14164;3513;3.14133;3513;3.12993
3514;3.14131;3514;3.14164;3514;3.14133;3514;3.12993
3515;3.14188;3515;3.14164;3515;3.14133;3515;3.12993
3516;3.14131;3516;3.14164;3516;3.14133;3516;3.12993
3517;3.14188;3517;3.14164;3517;3.14133;3517;3.12993
3518;3.14131;3518;3.14164;3518;3.14133;3518;3.12993
3519;3.14188;3519;3.14164;3519;3.14133;3519;3.12993
3520;3.14131;3520;3.14164;3520;3.14133;3520;3.12993
3521;3.14188;3521;3.14164;3521;3.14133;3521;3.12993
3522;3.14131;3522;3.14164;3522;3.14133;3522;3.12993
3523;3.14188;3523;3.14164;3523;3.14133;3523;3.12993
3524;3.14131;3524;3.14164;3524;3.14133;3524;3.12993
3525;3.14188;3525;3.14164;3525;3.14133;3525;3.12993
3526;3.14131;3526;3.14164;3526;3.14133;3526;3.12993
3527;3.14188;3527;3.14164;3527;3.14133;3527;3.12993
3528;3.14131;3528;3.14164;3528;3.14133;3528;3.12993
3529;3.14188;3529;3.14164;3529;3.14133;3529;3.12993
3530;3.14131;3530;3.14164;3530;3.14133;3530;3.12993
3531;3.14188;3531;3.14164;3531;3.14133;3531;3.12993
3532;3.14131;3532;3.14164;3532;3.14133;3532;3.12993
3533;3.14188;3533;3.14164;3533;3.14133;3533;3.12993
3534;3.14131;3534;3.14164;3534;3.14133;3534;3.12993
3535;3.14188;3535;3.14164;3535;3.14133;3535;3.12993
3536;3.14131;3536;3.14164;3536;3.14133;3536;3.12993
3537;3.14188;3537;3.14164;3537;3.14133;3537;3.12993
3538;3.14131;3538;3.14164;3538;3.14133;3538;3.12993
3539;3.14188;3539;3.14164;3539;3.14133;3539;3.12993
3540;3.14131;3540;3.14164;3540;3.14133;3540;3.12993
3541;3.14188;3541;3.14164;3541;3.14133;3541;3.12993
3542;3.14131;3542;3.14164;3542;3.14133;3542;3.12993
3543;3.14188;3543;3.14164;3543;3.14133;3543;3.12993
3544;3.14131;3544;3.14164;3544;3.14133;3544;3.12993
3545;3.14188;3545;3.14164;3545;3.14133;3545;3.12993
3546;3.14131;3546;3.14164;3546;3.14133;3546;3.12993
3547;3.14188;3547;3.14164;3547;3.14133;3547;3.12993
3548;3.14131;3548;3.14164;3548;3.14133;3548;3.12993
3549;3.14188;3549;3.14164;3549;3.14133;3549;3.12993
3550;3.14131;3550;3.14164;3550;3.14133;3550;3.12993
3551;3.14188;3551;3.14164;3551;3.14133;3551;3.12993
3552;3.14131;3552;3.14164;3552;3.14133;3552;3.12993
3553;3.14188;3553;3.14164;3553;3.14133;3553;3.12993
3554;3.14131;3554;3.14164;3554;3.14133;3554;3.12993
3555;3.14188;3555;3.14164;3555;3.14133;3555;3.12993
3556;3.14131;3556;3.14164;3556;3.14133;3556;3.12993
3557;3.14188;3557;3.14164;3557;3.14133;3557;3.12993
3558;3.14131;3558;3.14164;3558;3.14133;3558;3.12993
3559;3.14188;3559;3.14164;3559;3.14133;3559;3.12993
3560;3.14131;3560;3.14164;3560;3.14133;3560;3.12993
3561;3.14188;3561;3.14164;3561;3.14133;3561;3.12993
3562;3.14131;3562;3.14164;3562;3.14133;3562;3.12994
3563;3.14188;3563;3.14164;3563;3.14133;3563;3.12994
3564;3.14131;3564;3.14164;3564;3.14133;3564;3.12994
3565;3.14188;3565;3.14164;3565;3.14133;3565;3.12994
3566;3.14131;3566;3.14164;3566;3.14133;3566;3.12994
3567;3.14188;3567;3.14164;3567;3.14133;3567;3.12994
3568;3.14132;3568;3.14164;3568;3.14133;3568;3.12994
3569;3.14188;3569;3.14164;3569;3.14133;3569;3.12994
3570;3.14132;3570;3.14164;3570;3.14133;3570;3.12994
3571;3.14188;3571;3.14164;3571;3.14133;3571;3.12994
3572;3.14132;3572;3.14164;3572;3.14133;3572;3.12994
3573;3.14188;3573;3.14164;3573;3.14133;3573;3.12994
3574;3.14132;3574;3.14164;3574;3.14133;3574;3.12994
3575;3.14188;3575;3.14164;3575;3.14133;3575;3.12994
3576;3.14132;3576;3.14164;3576;3.14133;3576;3.12994
3577;3.14188;3577;3.14164;3577;3.14133;3577;3.12994
3578;3.14132;3578;3.14164;3578;3.14133;3578;3.12994
3579;3.14187;3579;3.14164;3579;3.14133;3579;3.12994
3580;3.14132;3580;3.14164;3580;3.14133;3580;3.12994
3581;3.14187;3581;3.14164;3581;3.14133;3581;3.12994
3582;3.14132;3582;3.14164;3582;3.14133;3582;3.12994
3583;3.14187;3583;3.14164;3583;3.14133;3583;3.12994
3584;3.14132;3584;3.14164;3584;3.14134;3584;3.12994
3585;3.14187;3585;3.14164;3585;3.14134;3585;3.12994
3586;3.14132;3586;3.14164;3586;3.14134;3586;3.12994
3587;3.14187;3587;3.14164;3587;3.14134;3587;3.12994
3588;3.14132;3588;3.14164;3588;3.14134;3588;3.12994
3589;3.14187;3589;3.14164;3589;3.14134;3589;3.12994
3590;3.14132;3590;3.14164;3590;3.14134;3590;3.12994
3591;3.14187;3591;3.14164;3591;3.14134;3591;3.12994
3592;3.14132;3592;3.14164;3592;3.14134;3592;3.12994
3593;3.14187;3593;3.14164;3593;3.14134;3593;3.12994
3594;3.14132;3594;3.14164;3594;3.14134;3594;3.12994
3595;3.14187;3595;3.14164;3595;3.14134;3595;3.12994
3596;3.14132;3596;3.14164;3596;3.14134;3596;3.12994
3597;3.14187;3597;3.14164;3597;3.14134;3597;3.12994
3598;3.14132;3598;3.14164;3598;3.14134;3598;3.12994
3599;3.14187;3599;3.14164;3599;3.14134;3599;3.12994
3600;3.14132;3600;3.14164;3600;3.14134;3600;3.12994
3601;3.14187;3601;3.14164;3601;3.14134;3601;3.12994
3602;3.14132;3602;3.14164;3602;3.14134;3602;3.12994
3603;3.14187;3603;3.14164;3603;3.14134;3603;3.12994
3604;3.14132;3604;3.14164;3604;3.14134;3604;3.12994
3605;3.14187;3605;3.14164;3605;3.14134;3605;3.12994
3606;3.14132;3606;3.14164;3606;3.14134;3606;3.12994
3607;3.14187;3607;3.14164;3607;3.14134;3607;3.12994
3608;3.14132;3608;3.14164;3608;3.14134;3608;3.12994
3609;3.14187;3609;3.14164;3609;3.14134;3609;3.12994
3610;3.14132;3610;3.14164;3610;3.14134;3610;3.12994
3611;3.14187;3611;3.14164;3611;3.14134;3611;3.12994
3612;3.14132;3612;3.14164;3612;3.14134;3612;3.12994
3613;3.14187;3613;3.14164;3613;3.14134;3613;3.12994
3614;3.14132;3614;3.14164;3614;3.14134;3614;3.12994
3615;3.14187;3615;3.14164;3615;3.14134;3615;3.12994
3616;3.14132;3616;3.14164;3616;3.14134;3616;3.12994
3617;3.14187;3617;3.14164;3617;3.14134;3617;3.12994
3618;3.14132;3618;3.14164;3618;3.14134;3618;3.12994
3619;3.14187;3619;3.14164;3619;3.14134;3619;3.12994
3620;3.14132;3620;3.14164;3620;3.14134;3620;3.12994
3621;3.14187;3621;3.14164;3621;3.14134;3621;3.12994
3622;3.14132;3622;3.14164;3622;3.14134;3622;3.12994
3623;3.14187;3623;3.14164;3623;3.14134;3623;3.12994
3624;3.14132;3624;3.14164;3624;3.14134;3624;3.12994
3625;3.14187;3625;3.14164;3625;3.14134;3625;3.12994
3626;3.14132;3626;3.14164;3626;3.14134;3626;3.12994
3627;3.14187;3627;3.14164;3627;3.14134;3627;3.12994
3628;3.14132;3628;3.14164;3628;3.14134;3628;3.12994
3629;3.14187;3629;3.14164;3629;3.14134;3629;3.12994
3630;3.14132;3630;3.14164;3630;3.14134;3630;3.12994
3631;3.14187;3631;3.14164;3631;3.14134;3631;3.12994
3632;3.14132;3632;3.14164;3632;3.14134;3632;3.12994
3633;3.14187;3633;3.14164;3633;3.14134;3633;3.12994
3634;3.14132;3634;3.14164;3634;3.14134;3634;3.12994
3635;3.14187;3635;3.14164;3635;3.14134;3635;3.12994
3636;3.14132;3636;3.14164;3636;3.14134;3636;3.12994
3637;3.14187;3637;3.14164;3637;3.14134;3637;3.12994
3638;3.14132;3638;3.14164;3638;3.14134;3638;3.12994
3639;3.14187;3639;3.14164;3639;3.14134;3639;3.12994
3640;3.14132;3640;3.14164;3640;3.14134;3640;3.12994
3641;3.14187;3641;3.14164;3641;3.14134;3641;3.12994
3642;3.14132;3642;3.14164;3642;3.14134;3642;3.12994
3643;3.14187;3643;3.14164;3643;3.14134;3643;3.12994
3644;3.14132;3644;3.14164;3644;3.14134;3644;3.12994
3645;3.14187;3645;3.14164;3645;3.14134;3645;3.12994
3646;3.14132;3646;3.14164;3646;3.14134;3646;3.12994
3647;3.14187;3647;3.14164;3647;3.14134;3647;3.12994
3648;3.14132;3648;3.14164;3648;3.14134;3648;3.12994
3649;3.14187;3649;3.14164;3649;3.14134;3649;3.12994
3650;3.14132;3650;3.14164;3650;3.14134;3650;3.12995
3651;3.14187;3651;3.14164;3651;3.14134;3651;3.12995
3652;3.14132;3652;3.14164;3652;3.14134;3652;3.12995
3653;3.14187;3653;3.14164;3653;3.14134;3653;3.12995
3654;3.14132;3654;3.14164;3654;3.14134;3654;3.12995
3655;3.14187;3655;3.14164;3655;3.14134;3655;3.12995
3656;3.14132;3656;3.14164;3656;3.14134;3656;3.12995
3657;3.14187;3657;3.14164;3657;3.14134;3657;3.12995
3658;3.14132;3658;3.14164;3658;3.14134;3658;3.12995
3659;3.14187;3659;3.14164;3659;3.14134;3659;3.12995
3660;3.14132;3660;3.14164;3660;3.14134;3660;3.12995
3661;3.14187;3661;3.14164;3661;3.14134;3661;3.12995
3662;3.14132;3662;3.14164;3662;3.14134;3662;3.12995
3663;3.14187;3663;3.14164;3663;3.14134;3663;3.12995
3664;3.14132;3664;3.14164;3664;3.14134;3664;3.12995
3665;3.14187;3665;3.14164;3665;3.14134;3665;3.12995
3666;3.14132;3666;3.14164;3666;3.14134;3666;3.12995
3667;3.14187;3667;3.14164;3667;3.14134;3667;3.12995
3668;3.14132;3668;3.14164;3668;3.14134;3668;3.12995
3669;3.14187;3669;3.14164;3669;3.14134;3669;3.12995
3670;3.14132;3670;3.14164;3670;3.14134;3670;3.12995
3671;3.14187;3671;3.14164;3671;3.14134;3671;3.12995
3672;3.14132;3672;3.14164;3672;3.14135;3672;3.12995
3673;3.14187;3673;3.14164;3673;3.14135;3673;3.12995
3674;3.14132;3674;3.14164;3674;3.14135;3674;3.12995
3675;3.14187;3675;3.14164;3675;3.14135;3675;3.12995
3676;3.14132;3676;3.14164;3676;3.14135;3676;3.12995
3677;3.14187;3677;3.14164;3677;3.14135;3677;3.12995
3678;3.14132;3678;3.14164;3678;3.14135;3678;3.12995
3679;3.14187;3679;3.14164;3679;3.14135;3679;3.12995
3680;3.14132;3680;3.14164;3680;3.14135;3680;3.12995
3681;3.14187;3681;3.14164;3681;3.14135;3681;3.12995
3682;3.14132;3682;3.14164;3682;3.14135;3682;3.12995
3683;3.14187;3683;3.14164;3683;3.14135;3683;3.12995
3684;3.14132;3684;3.14164;3684;3.14135;3684;3.12995
3685;3.14187;3685;3.14164;3685;3.14135;3685;3.12995
3686;3.14132;3686;3.14164;3686;3.14135;3686;3.12995
3687;3.14187;3687;3.14164;3687;3.14135;3687;3.12995
3688;3.14132;3688;3.14164;3688;3.14135;3688;3.12995
3689;3.14187;3689;3.14164;3689;3.14135;3689;3.12995
3690;3.14132;3690;3.14164;3690;3.14135;3690;3.12995
3691;3.14187;3691;3.14164;3691;3.14135;3691;3.12995
3692;3.14132;3692;3.14164;3692;3.14135;3692;3.12995
3693;3.14187;3693;3.14164;3693;3.14135;3693;3.12995
3694;3.14132;3694;3.14164;3694;3.14135;3694;3.12995
3695;3.14187;3695;3.14164;3695;3.14135;3695;3.12995
3696;3.14132;3696;3.14164;3696;3.14135;3696;3.12995
3697;3.14187;3697;3.14164;3697;3.14135;3697;3.12995
3698;3.14132;3698;3.14164;3698;3.14135;3698;3.12995
3699;3.14187;3699;3.14164;3699;3.14135;3699;3.12995
3700;3.14132;3700;3.14164;3700;3.14135;3700;3.12995
3701;3.14187;3701;3.14164;3701;3.14135;3701;3.12995
3702;3.14132;3702;3.14164;3702;3.14135;3702;3.12995
3703;3.14187;3703;3.14164;3703;3.14135;3703;3.12995
3704;3.14133;3704;3.14164;3704;3.14135;3704;3.12995
3705;3.14187;3705;3.14164;3705;3.14135;3705;3.12995
3706;3.14133;3706;3.14164;3706;3.14135;3706;3.12995
3707;3.14186;3707;3.14164;3707;3.14135;3707;3.12995
3708;3.14133;3708;3.14164;3708;3.14135;3708;3.12995
3709;3.14186;3709;3.14164;3709;3.14135;3709;3.12995
3710;3.14133;3710;3.14164;3710;3.14135;3710;3.12995
3711;3.14186;3711;3.14164;3711;3.14135;3711;3.12995
3712;3.14133;3712;3.14164;3712;3.14135;3712;3.12995
3713;3.14186;3713;3.14164;3713;3.14135;3713;3.12995
3714;3.14133;3714;3.14164;3714;3.14135;3714;3.12995
3715;3.14186;3715;3.14164;3715;3.14135;3715;3.12995
3716;3.14133;3716;3.14164;3716;3.14135;3716;3.12995
3717;3.14186;3717;3.14164;3717;3.14135;3717;3.12995
3718;3.14133;3718;3.14164;3718;3.14135;3718;3.12995
3719;3.14186;3719;3.14164;3719;3.14135;3719;3.12995
3720;3.14133;3720;3.14164;3720;3.14135;3720;3.12995
3721;3.14186;3721;3.14164;3721;3.14135;3721;3.12995
3722;3.14133;3722;3.14164;3722;3.14135;3722;3.12995
3723;3.14186;3723;3.14164;3723;3.14135;3723;3.12995
3724;3.14133;3724;3.14164;3724;3.14135;3724;3.12995
3725;3.14186;3725;3.14164;3725;3.14135;3725;3.12995
3726;3.14133;3726;3.14164;3726;3.14135;3726;3.12995
3727;3.14186;3727;3.14164;3727;3.14135;3727;3.12995
3728;3.14133;3728;3.14164;3728;3.14135;3728;3.12995
3729;3.14186;3729;3.14164;3729;3.14135;3729;3.12995
3730;3.14133;3730;3.14164;3730;3.14135;3730;3.12995
3731;3.14186;3731;3.14164;3731;3.14135;3731;3.12995
3732;3.14133;3732;3.14164;3732;3.14135;3732;3.12995
3733;3.14186;3733;3.14164;3733;3.14135;3733;3.12995
3734;3.14133;3734;3.14164;3734;3.14135;3734;3.12995
3735;3.14186;3735;3.14164;3735;3.14135;3735;3.12995
3736;3.14133;3736;3.14164;3736;3.14135;3736;3.12995
3737;3.14186;3737;3.14164;3737;3.14135;3737;3.12995
3738;3.14133;3738;3.14164;3738;3.14135;3738;3.12996
3739;3.14186;3739;3.14164;3739;3.14135;3739;3.12996
3740;3.14133;3740;3.14164;3740;3.14135;3740;3.12996
3741;3.14186;3741;3.14164;3741;3.14135;3741;3.12996
3742;3.14133;3742;3.14164;3742;3.14135;3742;3.12996
3743;3.14186;3743;3.14164;3743;3.14135;3743;3.12996
3744;3.14133;3744;3.14164;3744;3.14135;3744;3.12996
3745;3.14186;3745;3.14164;3745;3.14135;3745;3.12996
3746;3.14133;3746;3.14164;3746;3.14135;3746;3.12996
3747;3.14186;3747;3.14164;3747;3.14135;3747;3.12996
3748;3.14133;3748;3.14164;3748;3.14135;3748;3.12996
3749;3.14186;3749;3.14164;3749;3.14135;3749;3.12996
3750;3.14133;3750;3.14164;3750;3.14135;3750;3.12996
3751;3.14186;3751;3.14164;3751;3.14135;3751;3.12996
3752;3.14133;3752;3.14164;3752;3.14135;3752;3.12996
3753;3.14186;3753;3.14164;3753;3.14135;3753;3.12996
3754;3.14133;3754;3.14164;3754;3.14135;3754;3.12996
3755;3.14186;3755;3.14164;3755;3.14135;3755;3.12996
3756;3.14133;3756;3.14164;3756;3.14135;3756;3.12996
3757;3.14186;3757;3.14164;3757;3.14135;3757;3.12996
3758;3.14133;3758;3.14164;3758;3.14135;3758;3.12996
3759;3.14186;3759;3.14164;3759;3.14135;3759;3.12996
3760;3.14133;3760;3.14164;3760;3.14136;3760;3.12996
3761;3.14186;3761;3.14164;3761;3.14136;3761;3.12996
3762;3.14133;3762;3.14164;3762;3.14136;3762;3.12996
3763;3.14186;3763;3.14164;3763;3.14136;3763;3.12996
3764;3.14133;3764;3.14164;3764;3.14136;3764;3.12996
3765;3.14186;3765;3.14164;3765;3.14136;3765;3.12996
3766;3.14133;3766;3.14164;3766;3.14136;3766;3.12996
3767;3.14186;3767;3.14164;3767;3.14136;3767;3.12996
3768;3.14133;3768;3.14164;3768;3.14136;3768;3.12996
3769;3.14186;3769;3.14164;3769;3.14136;3769;3.12996
3770;3.14133;3770;3.14164;3770;3.14136;3770;3.12996
3771;3.14186;3771;3.14164;3771;3.14136;3771;3.12996
3772;3.14133;3772;3.14164;3772;3.14136;3772;3.12996
3773;3.14186;3773;3.14164;3773;3.14136;3773;3.12996
3774;3.14133;3774;3.14164;3774;3.14136;3774;3.12996
3775;3.14186;3775;3.14164;3775;3.14136;3775;3.12996
3776;3.14133;3776;3.14164;3776;3.14136;3776;3.12996
3777;3.14186;3777;3.14164;3777;3.14136;3777;3.12996
3778;3.14133;3778;3.14164;3778;3.14136;3778;3.12996
3779;3.14186;3779;3.14164;3779;3.14136;3779;3.12996
3780;3.14133;3780;3.14164;3780;3.14136;3780;3.12996
3781;3.14186;3781;3.14164;3781;3.14136;3781;3.12996
3782;3.14133;3782;3.14164;3782;3.14136;3782;3.12996
3783;3.14186;3783;3.14164;3783;3.14136;3783;3.12996
3784;3.14133;3784;3.14164;3784;3.14136;3784;3.12996
3785;3.14186;3785;3.14164;3785;3.14136;3785;3.12996
3786;3.14133;3786;3.14164;3786;3.14136;3786;3.12996
3787;3.14186;3787;3.14164;3787;3.14136;3787;3.12996
3788;3.14133;3788;3.14164;3788;3.14136;3788;3.12996
3789;3.14186;3789;3.14164;3789;3.14136;3789;3.12996
3790;3.14133;3790;3.14164;3790;3.14136;3790;3.12996
3791;3.14186;3791;3.14164;3791;3.14136;3791;3.12996
3792;3.14133;3792;3.14164;3792;3.14136;3792;3.12996
3793;3.14186;3793;3.14164;3793;3.14136;3793;3.12996
3794;3.14133;3794;3.14164;3794;3.14136;3794;3.12996
3795;3.14186;3795;3.14164;3795;3.14136;3795;3.12996
3796;3.14133;3796;3.14164;3796;3.14136;3796;3.12996
3797;3.14186;3797;3.14164;3797;3.14136;3797;3.12996
3798;3.14133;3798;3.14164;3798;3.14136;3798;3.12996
3799;3.14186;3799;3.14164;3799;3.14136;3799;3.12996
3800;3.14133;3800;3.14164;3800;3.14136;3800;3.12996
3801;3.14186;3801;3.14164;3801;3.14136;3801;3.12996
3802;3.14133;3802;3.14164;3802;3.14136;3802;3.12996
3803;3.14186;3803;3.14164;3803;3.14136;3803;3.12996
3804;3.14133;3804;3.14164;3804;3.14136;3804;3.12996
3805;3.14186;3805;3.14164;3805;3.14136;3805;3.12996
3806;3.14133;3806;3.14164;3806;3.14136;3806;3.12996
3807;3.14186;3807;3.14164;3807;3.14136;3807;3.12996
3808;3.14133;3808;3.14164;3808;3.14136;3808;3.12996
3809;3.14186;3809;3.14164;3809;3.14136;3809;3.12996
3810;3.14133;3810;3.14164;3810;3.14136;3810;3.12996
3811;3.14186;3811;3.14164;3811;3.14136;3811;3.12996
3812;3.14133;3812;3.14164;3812;3.14136;3812;3.12996
3813;3.14186;3813;3.14164;3813;3.14136;3813;3.12996
3814;3.14133;3814;3.14164;3814;3.14136;3814;3.12996
3815;3.14186;3815;3.14164;3815;3.14136;3815;3.12996
3816;3.14133;3816;3.14164;3816;3.14136;3816;3.12996
3817;3.14186;3817;3.14164;3817;3.14136;3817;3.12996
3818;3.14133;3818;3.14164;3818;3.14136;3818;3.12996
3819;3.14186;3819;3.14164;3819;3.14136;3819;3.12996
3820;3.14133;3820;3.14164;3820;3.14136;3820;3.12996
3821;3.14186;3821;3.14164;3821;3.14136;3821;3.12996
3822;3.14133;3822;3.14164;3822;3.14136;3822;3.12996
3823;3.14186;3823;3.14164;3823;3.14136;3823;3.12996
3824;3.14133;3824;3.14164;3824;3.14136;3824;3.12996
3825;3.14186;3825;3.14164;3825;3.14136;3825;3.12996
3826;3.14133;3826;3.14164;3826;3.14136;3826;3.12997
3827;3.14186;3827;3.14164;3827;3.14136;3827;3.12997
3828;3.14133;3828;3.14164;3828;3.14136;3828;3.12997
3829;3.14186;3829;3.14164;3829;3.14136;3829;3.12997
3830;3.14133;3830;3.14164;3830;3.14136;3830;3.12997
3831;3.14186;3831;3.14164;3831;3.14136;3831;3.12997
3832;3.14133;3832;3.14164;3832;3.14136;3832;3.12997
3833;3.14186;3833;3.14164;3833;3.14136;3833;3.12997
3834;3.14133;3834;3.14164;3834;3.14136;3834;3.12997
3835;3.14186;3835;3.14164;3835;3.14136;3835;3.12997
3836;3.14133;3836;3.14164;3836;3.14136;3836;3.12997
3837;3.14186;3837;3.14164;3837;3.14136;3837;3.12997
3838;3.14133;3838;3.14164;3838;3.14136;3838;3.12997
3839;3.14186;3839;3.14164;3839;3.14136;3839;3.12997
3840;3.14133;3840;3.14164;3840;3.14136;3840;3.12997
3841;3.14186;3841;3.14164;3841;3.14136;3841;3.12997
3842;3.14133;3842;3.14164;3842;3.14136;3842;3.12997
3843;3.14186;3843;3.14164;3843;3.14136;3843;3.12997
3844;3.14133;3844;3.14164;3844;3.14136;3844;3.12997
3845;3.14186;3845;3.14164;3845;3.14136;3845;3.12997
3846;3.14134;3846;3.14164;3846;3.14136;3846;3.12997
3847;3.14186;3847;3.14164;3847;3.14136;3847;3.12997
3848;3.14134;3848;3.14164;3848;3.14137;3848;3.12997
3849;3.14186;3849;3.14164;3849;3.14137;3849;3.12997
3850;3.14134;3850;3.14164;3850;3.14137;3850;3.12997
3851;3.14186;3851;3.14164;3851;3.14137;3851;3.12997
3852;3.14134;3852;3.14164;3852;3.14137;3852;3.12997
3853;3.14185;3853;3.14164;3853;3.14137;3853;3.12997
3854;3.14134;3854;3.14164;3854;3.14137;3854;3.12997
3855;3.14185;3855;3.14164;3855;3.14137;3855;3.12997
3856;3.14134;3856;3.14164;3856;3.14137;3856;3.12997
3857;3.14185;3857;3.14164;3857;3.14137;3857;3.12997
3858;3.14134;3858;3.14164;3858;3.14137;3858;3.12997
3859;3.14185;3859;3.14164;3859;3.14137;3859;3.12997
3860;3.14134;3860;3.14164;3860;3.14137;3860;3.12997
3861;3.14185;3861;3.14164;3861;3.14137;3861;3.12997
3862;3.14134;3862;3.14164;3862;3.14137;3862;3.12997
3863;3.14185;3863;3.14164;3863;3.14137;3863;3.12997
3864;3.14134;3864;3.14164;3864;3.14137;3864;3.12997
3865;3.14185;3865;3.14164;3865;3.14137;3865;3.12997
3866;3.14134;3866;3.14164;3866;3.14137;3866;3.12997
3867;3.14185;3867;3.14164;3867;3.14137;3867;3.12997
3868;3.14134;3868;3.14164;3868;3.14137;3868;3.12997
3869;3.14185;3869;3.14164;3869;3.14137;3869;3.12997
3870;3.14134;3870;3.14164;3870;3.14137;3870;3.12997
3871;3.14185;3871;3.14164;3871;3.14137;3871;3.12997
3872;3.14134;3872;3.14164;3872;3.14137;3872;3.12997
3873;3.14185;3873;3.14164;3873;3.14137;3873;3.12997
3874;3.14134;3874;3.14164;3874;3.14137;3874;3.12997
3875;3.14185;3875;3.14164;3875;3.14137;3875;3.12997
3876;3.14134;3876;3.14164;3876;3.14137;3876;3.12997
3877;3.14185;3877;3.14164;3877;3.14137;3877;3.12997
3878;3.14134;3878;3.14164;3878;3.14137;3878;3.12997
3879;3.14185;3879;3.14164;3879;3.14137;3879;3.12997
3880;3.14134;3880;3.14164;3880;3.14137;3880;3.12997
3881;3.14185;3881;3.14164;3881;3.14137;3881;3.12997
3882;3.14134;3882;3.14164;3882;3.14137;3882;3.12997
3883;3.14185;3883;3.14164;3883;3.14137;3883;3.12997
3884;3.14134;3884;3.14164;3884;3.14137;3884;3.12997
3885;3.14185;3885;3.14164;3885;3.14137;3885;3.12997
3886;3.14134;3886;3.14164;3886;3.14137;3886;3.12997
3887;3.14185;3887;3.14164;3887;3.14137;3887;3.12997
3888;3.14134;3888;3.14164;3888;3.14137;3888;3.12997
3889;3.14185;3889;3.14164;3889;3.14137;3889;3.12997
3890;3.14134;3890;3.14164;3890;3.14137;3890;3.12997
3891;3.14185;3891;3.14164;3891;3.14137;3891;3.12997
3892;3.14134;3892;3.14164;3892;3.14137;3892;3.12997
3893;3.14185;3893;3.14164;3893;3.14137;3893;3.12997
3894;3.14134;3894;3.14164;3894;3.14137;3894;3.12997
3895;3.14185;3895;3.14164;3895;3.14137;3895;3.12997
3896;3.14134;3896;3.14164;3896;3.14137;3896;3.12997
3897;3.14185;3897;3.14164;3897;3.14137;3897;3.12997
3898;3.14134;3898;3.14164;3898;3.14137;3898;3.12997
3899;3.14185;3899;3.14164;3899;3.14137;3899;3.12997
3900;3.14134;3900;3.14164;3900;3.14137;3900;3.12997
3901;3.14185;3901;3.14164;3901;3.14137;3901;3.12997
3902;3.14134;3902;3.14164;3902;3.14137;3902;3.12997
3903;3.14185;3903;3.14164;3903;3.14137;3903;3.12997
3904;3.14134;3904;3.14164;3904;3.14137;3904;3.12997
3905;3.14185;3905;3.14164;3905;3.14137;3905;3.12997
3906;3.14134;3906;3.14164;3906;3.14137;3906;3.12997
3907;3.14185;3907;3.14164;3907;3.14137;3907;3.12997
3908;3.14134;3908;3.14164;3908;3.14137;3908;3.12997
3909;3.14185;3909;3.14164;3909;3.14137;3909;3.12997
3910;3.14134;3910;3.14164;3910;3.14137;3910;3.12997
3911;3.14185;3911;3.14164;3911;3.14137;3911;3.12997
3912;3.14134;3912;3.14164;3912;3.14137;3912;3.12997
3913;3.14185;3913;3.14164;3913;3.14137;3913;3.12998
3914;3.14134;3914;3.14164;3914;3.14137;3914;3.12998
3915;3.14185;3915;3.14164;3915;3.14137;3915;3.12998
3916;3.14134;3916;3.14164;3916;3.14137;3916;3.12998
3917;3.14185;3917;3.14164;3917;3.14137;3917;3.12998
3918;3.14134;3918;3.14164;3918;3.14137;3918;3.12998
3919;3.14185;3919;3.14164;3919;3.14137;3919;3.12998
3920;3.14134;3920;3.14164;3920;3.14137;3920;3.12998
3921;3.14185;3921;3.14164;3921;3.14137;3921;3.12998
3922;3.14134;3922;3.14164;3922;3.14137;3922;3.12998
3923;3.14185;3923;3.14164;3923;3.14137;3923;3.12998
3924;3.14134;3924;3.14164;3924;3.14137;3924;3.12998
3925;3.14185;3925;3.14164;3925;3.14137;3925;3.12998
3926;3.14134;3926;3.14164;3926;3.14137;3926;3.12998
3927;3.14185;3927;3.14164;3927;3.14137;3927;3.12998
3928;3.14134;3928;3.14164;3928;3.14137;3928;3.12998
3929;3.14185;3929;3.14164;3929;3.14137;3929;3.12998
3930;3.14134;3930;3.14164;3930;3.14137;3930;3.12998
3931;3.14185;3931;3.14164;3931;3.14137;3931;3.12998
3932;3.14134;3932;3.14164;3932;3.14137;3932;3.12998
3933;3.14185;3933;3.14164;3933;3.14137;3933;3.12998
3934;3.14134;3934;3.14164;3934;3.14137;3934;3.12998
3935;3.14185;3935;3.14164;3935;3.14137;3935;3.12998
3936;3.14134;3936;3.14164;3936;3.14138;3936;3.12998
3937;3.14185;3937;3.14164;3937;3.14138;3937;3.12998
3938;3.14134;3938;3.14164;3938;3.14138;3938;3.12998
3939;3.14185;3939;3.14164;3939;3.14138;3939;3.12998
3940;3.14134;3940;3.14164;3940;3.14138;3940;3.12998
3941;3.14185;3941;3.14164;3941;3.14138;3941;3.12998
3942;3.14134;3942;3.14164;3942;3.14138;3942;3.12998
3943;3.14185;3943;3.14164;3943;3.14138;3943;3.12998
3944;3.14134;3944;3.14164;3944;3.14138;3944;3.12998
3945;3.14185;3945;3.14164;3945;3.14138;3945;3.12998
3946;3.14134;3946;3.14164;3946;3.14138;3946;3.12998
3947;3.14185;3947;3.14164;3947;3.14138;3947;3.12998
3948;3.14134;3948;3.14164;3948;3.14138;3948;3.12998
3949;3.14185;3949;3.14164;3949;3.14138;3949;3.12998
3950;3.14134;3950;3.14164;3950;3.14138;3950;3.12998
3951;3.14185;3951;3.14164;3951;3.14138;3951;3.12998
3952;3.14134;3952;3.14164;3952;3.14138;3952;3.12998
3953;3.14185;3953;3.14164;3953;3.14138;3953;3.12998
3954;3.14134;3954;3.14164;3954;3.14138;3954;3.12998
3955;3.14185;3955;3.14164;3955;3.14138;3955;3.12998
3956;3.14134;3956;3.14164;3956;3.14138;3956;3.12998
3957;3.14185;3957;3.14164;3957;3.14138;3957;3.12998
3958;3.14134;3958;3.14164;3958;3.14138;3958;3.12998
3959;3.14185;3959;3.14164;3959;3.14138;3959;3.12998
3960;3.14134;3960;3.14164;3960;3.14138;3960;3.12998
3961;3.14185;3961;3.14164;3961;3.14138;3961;3.12998
3962;3.14134;3962;3.14164;3962;3.14138;3962;3.12998
3963;3.14185;3963;3.14164;3963;3.14138;3963;3.12998
3964;3.14134;3964;3.14164;3964;3.14138;3964;3.12998
3965;3.14185;3965;3.14164;3965;3.14138;3965;3.12998
3966;3.14134;3966;3.14164;3966;3.14138;3966;3.12998
3967;3.14185;3967;3.14164;3967;3.14138;3967;3.12998
3968;3.14134;3968;3.14164;3968;3.14138;3968;3.12998
3969;3.14185;3969;3.14164;3969;3.14138;3969;3.12998
3970;3.14134;3970;3.14164;3970;3.14138;3970;3.12998
3971;3.14185;3971;3.14164;3971;3.14138;3971;3.12998
3972;3.14134;3972;3.14164;3972;3.14138;3972;3.12998
3973;3.14185;3973;3.14164;3973;3.14138;3973;3.12998
3974;3.14134;3974;3.14164;3974;3.14138;3974;3.12998
3975;3.14185;3975;3.14164;3975;3.14138;3975;3.12998
3976;3.14134;3976;3.14164;3976;3.14138;3976;3.12998
3977;3.14185;3977;3.14164;3977;3.14138;3977;3.12998
3978;3.14134;3978;3.14164;3978;3.14138;3978;3.12998
3979;3.14185;3979;3.14164;3979;3.14138;3979;3.12998
3980;3.14134;3980;3.14164;3980;3.14138;3980;3.12998
3981;3.14185;3981;3.14164;3981;3.14138;3981;3.12998
3982;3.14134;3982;3.14164;3982;3.14138;3982;3.12998
3983;3.14185;3983;3.14164;3983;3.14138;3983;3.12998
3984;3.14134;3984;3.14164;3984;3.14138;3984;3.12998
3985;3.14185;3985;3.14164;3985;3.14138;3985;3.12998
3986;3.14134;3986;3.14164;3986;3.14138;3986;3.12998
3987;3.14185;3987;3.14164;3987;3.14138;3987;3.12998
3988;3.14134;3988;3.14164;3988;3.14138;3988;3.12998
3989;3.14185;3989;3.14164;3989;3.14138;3989;3.12998
3990;3.14134;3990;3.14164;3990;3.14138;3990;3.12998
3991;3.14185;3991;3.14164;3991;3.14138;3991;3.12998
3992;3.14134;3992;3.14164;3992;3.14138;3992;3.12998
3993;3.14184;3993;3.14164;3993;3.14138;3993;3.12998
3994;3.14134;3994;3.14164;3994;3.14138;3994;3.12998
3995;3.14184;3995;3.14164;3995;3.14138;3995;3.12998
3996;3.14134;3996;3.14164;3996;3.14138;3996;3.12998
3997;3.14184;3997;3.14164;3997;3.14138;3997;3.12998
3998;3.14134;3998;3.14164;3998;3.14138;3998;3.12998
3999;3.14184;3999;3.14164;3999;3.14138;3999;3.12998
4000;3.14134;4000;3.14164;4000;3.14138;4000;3.12998
4001;3.14184;4001;3.14164;4001;3.14138;4001;3.12999
4002;3.14134;4002;3.14164;4002;3.14138;4002;3.12999
4003;3.14184;4003;3.14164;4003;3.14138;4003;3.12999
4004;3.14135;4004;3.14164;4004;3.14138;4004;3.12999
4005;3.14184;4005;3.14164;4005;3.14138;4005;3.12999
4006;3.14135;4006;3.14164;4006;3.14138;4006;3.12999
4007;3.14184;4007;3.14164;4007;3.14138;4007;3.12999
4008;3.14135;4008;3.14164;4008;3.14138;4008;3.12999
4009;3.14184;4009;3.14164;4009;3.14138;4009;3.12999
4010;3.14135;4010;3.14164;4010;3.14138;4010;3.12999
4011;3.14184;4011;3.14164;4011;3.14138;4011;3.12999
4012;3.14135;4012;3.14164;4012;3.14138;4012;3.12999
4013;3.14184;4013;3.14164;4013;3.14138;4013;3.12999
4014;3.14135;4014;3.14164;4014;3.14138;4014;3.12999
4015;3.14184;4015;3.14164;4015;3.14138;4015;3.12999
4016;3.14135;4016;3.14164;4016;3.14138;4016;3.12999
4017;3.14184;4017;3.14164;4017;3.14138;4017;3.12999
4018;3.14135;4018;3.14164;4018;3.14138;4018;3.12999
4019;3.14184;4019;3.14164;4019;3.14138;4019;3.12999
4020;3.14135;4020;3.14164;4020;3.14138;4020;3.12999
4021;3.14184;4021;3.14164;4021;3.14138;4021;3.12999
4022;3.14135;4022;3.14164;4022;3.14139;4022;3.12999
4023;3.14184;4023;3.14164;4023;3.14139;4023;3.12999
4024;3.14135;4024;3.14164;4024;3.14139;4024;3.12999
4025;3.14184;4025;3.14164;4025;3.14139;4025;3.12999
4026;3.14135;4026;3.14164;4026;3.14139;4026;3.12999
4027;3.14184;4027;3.14164;4027;3.14139;4027;3.12999
4028;3.14135;4028;3.14164;4028;3.14139;4028;3.12999
4029;3.14184;4029;3.14164;4029;3.14139;4029;3.12999
4030;3.14135;4030;3.14164;4030;3.14139;4030;3.12999
4031;3.14184;4031;3.14164;4031;3.14139;4031;3.12999
4032;3.14135;4032;3.14164;4032;3.14139;4032;3.12999
4033;3.14184;4033;3.14164;4033;3.14139;4033;3.12999
4034;3.14135;4034;3.14164;4034;3.14139;4034;3.12999
4035;3.14184;4035;3.14164;4035;3.14139;4035;3.12999
4036;3.14135;4036;3.14164;4036;3.14139;4036;3.12999
4037;3.14184;4037;3.14164;4037;3.14139;4037;3.12999
4038;3.14135;4038;3.14164;4038;3.14139;4038;3.12999
4039;3.14184;4039;3.14164;4039;3.14139;4039;3.12999
4040;3.14135;4040;3.14164;4040;3.14139;4040;3.12999
4041;3.14184;4041;3.14164;4041;3.14139;4041;3.12999
4042;3.14135;4042;3.14164;4042;3.14139;4042;3.12999
4043;3.14184;4043;3.14164;4043;3.14139;4043;3.12999
4044;3.14135;4044;3.14164;4044;3.14139;4044;3.12999
4045;3.14184;4045;3.14164;4045;3.14139;4045;3.12999
4046;3.14135;4046;3.14164;4046;3.14139;4046;3.12999
4047;3.14184;4047;3.14164;4047;3.14139;4047;3.12999
4048;3.14135;4048;3.14164;4048;3.14139;4048;3.12999
4049;3.14184;4049;3.14164;4049;3.14139;4049;3.12999
4050;3.14135;4050;3.14164;4050;3.14139;4050;3.12999
4051;3.14184;4051;3.14164;4051;3.14139;4051;3.12999
4052;3.14135;4052;3.14164;4052;3.14139;4052;3.12999
4053;3.14184;4053;3.14164;4053;3.14139;4053;3.12999
4054;3.14135;4054;3.14164;4054;3.14139;4054;3.12999
4055;3.14184;4055;3.14164;4055;3.14139;4055;3.12999
4056;3.14135;4056;3.14164;4056;3.14139;4056;3.12999
4057;3.14184;4057;3.14164;4057;3.14139;4057;3.12999
4058;3.14135;4058;3.14164;4058;3.14139;4058;3.12999
4059;3.14184;4059;3.14164;4059;3.14139;4059;3.12999
4060;3.14135;4060;3.14164;4060;3.14139;4060;3.12999
4061;3.14184;4061;3.14164;4061;3.14139;4061;3.12999
4062;3.14135;4062;3.14164;4062;3.14139;4062;3.12999
4063;3.14184;4063;3.14164;4063;3.14139;4063;3.12999
4064;3.14135;4064;3.14164;4064;3.14139;4064;3.12999
4065;3.14184;4065;3.14164;4065;3.14139;4065;3.12999
4066;3.14135;4066;3.14164;4066;3.14139;4066;3.12999
4067;3.14184;4067;3.14164;4067;3.14139;4067;3.12999
4068;3.14135;4068;3.14164;4068;3.14139;4068;3.12999
4069;3.14184;4069;3.14164;4069;3.14139;4069;3.12999
4070;3.14135;4070;3.14164;4070;3.14139;4070;3.12999
4071;3.14184;4071;3.14164;4071;3.14139;4071;3.12999
4072;3.14135;4072;3.14164;4072;3.14139;4072;3.12999
4073;3.14184;4073;3.14164;4073;3.14139;4073;3.12999
4074;3.14135;4074;3.14164;4074;3.14139;4074;3.12999
4075;3.14184;4075;3.14164;4075;3.14139;4075;3.12999
4076;3.14135;4076;3.14164;4076;3.14139;4076;3.12999
4077;3.14184;4077;3.14164;4077;3.14139;4077;3.12999
4078;3.14135;4078;3.14164;4078;3.14139;4078;3.12999
4079;3.14184;4079;3.14164;4079;3.14139;4079;3.12999
4080;3.14135;4080;3.14164;4080;3.14139;4080;3.12999
4081;3.14184;4081;3.14164;4081;3.14139;4081;3.12999
4082;3.14135;4082;3.14164;4082;3.14139;4082;3.12999
4083;3.14184;4083;3.14164;4083;3.14139;4083;3.12999
4084;3.14135;4084;3.14164;4084;3.14139;4084;3.12999
4085;3.14184;4085;3.14164;4085;3.14139;4085;3.12999
4086;3.14135;4086;3.14164;4086;3.14139;4086;3.12999
4087;3.14184;4087;3.14164;4087;3.14139;4087;3.12999
4088;3.14135;4088;3.14164;4088;3.14139;4088;3.12999
4089;3.14184;4089;3.14164;4089;3.14139;4089;3.13
4090;3.14135;4090;3.14164;4090;3.14139;4090;3.13
4091;3.14184;4091;3.14164;4091;3.14139;4091;3.13
4092;3.14135;4092;3.14164;4092;3.14139;4092;3.13
4093;3.14184;4093;3.14164;4093;3.14139;4093;3.13
4094;3.14135;4094;3.14164;4094;3.14139;4094;3.13
4095;3.14184;4095;3.14164;4095;3.14139;4095;3.13
4096;3.14135;4096;3.14164;4096;3.14139;4096;3.13
4097;3.14184;4097;3.14164;4097;3.14139;4097;3.13
4098;3.14135;4098;3.14164;4098;3.14139;4098;3.13
4099;3.14184;4099;3.14164;4099;3.14139;4099;3.13
4100;3.14135;4100;3.14164;4100;3.14139;4100;3.13
4101;3.14184;4101;3.14164;4101;3.14139;4101;3.13
4102;3.14135;4102;3.14164;4102;3.14139;4102;3.13
4103;3.14184;4103;3.14164;4103;3.14139;4103;3.13
4104;3.14135;4104;3.14164;4104;3.14139;4104;3.13
4105;3.14184;4105;3.14164;4105;3.14139;4105;3.13
4106;3.14135;4106;3.14164;4106;3.14139;4106;3.13
4107;3.14184;4107;3.14164;4107;3.14139;4107;3.13
4108;3.14135;4108;3.14164;4108;3.14139;4108;3.13
4109;3.14184;4109;3.14164;4109;3.14139;4109;3.13
4110;3.14135;4110;3.14164;4110;3.14139;4110;3.13
4111;3.14184;4111;3.14164;4111;3.14139;4111;3.13
4112;3.14135;4112;3.14164;4112;3.14139;4112;3.13
4113;3.14184;4113;3.14164;4113;3.14139;4113;3.13
4114;3.14135;4114;3.14164;4114;3.14139;4114;3.13
4115;3.14184;4115;3.14164;4115;3.14139;4115;3.13
4116;3.14135;4116;3.14164;4116;3.14139;4116;3.13
4117;3.14184;4117;3.14164;4117;3.14139;4117;3.13
4118;3.14135;4118;3.14164;4118;3.14139;4118;3.13
4119;3.14184;4119;3.14164;4119;3.14139;4119;3.13
4120;3.14136;4120;3.14164;4120;3.14139;4120;3.13
4121;3.14184;4121;3.14164;4121;3.14139;4121;3.13
4122;3.14136;4122;3.14164;4122;3.14139;4122;3.13
4123;3.14184;4123;3.14164;4123;3.14139;4123;3.13
4124;3.14136;4124;3.14164;4124;3.14139;4124;3.13
4125;3.14184;4125;3.14164;4125;3.14139;4125;3.13
4126;3.14136;4126;3.14164;4126;3.14139;4126;3.13
4127;3.14184;4127;3.14164;4127;3.14139;4127;3.13
4128;3.14136;4128;3.14164;4128;3.14139;4128;3.13
4129;3.14184;4129;3.14164;4129;3.14139;4129;3.13
4130;3.14136;4130;3.14164;4130;3.14139;4130;3.13
4131;3.14184;4131;3.14164;4131;3.14139;4131;3.13
4132;3.14136;4132;3.14164;4132;3.14139;4132;3.13
4133;3.14184;4133;3.14164;4133;3.14139;4133;3.13
4134;3.14136;4134;3.14164;4134;3.14139;4134;3.13
4135;3.14184;4135;3.14164;4135;3.14139;4135;3.13
4136;3.14136;4136;3.14164;4136;3.14139;4136;3.13
4137;3.14184;4137;3.14164;4137;3.14139;4137;3.13
4138;3.14136;4138;3.14164;4138;3.14139;4138;3.13
4139;3.14184;4139;3.14164;4139;3.14139;4139;3.13
4140;3.14136;4140;3.14164;4140;3.14139;4140;3.13
4141;3.14184;4141;3.14164;4141;3.14139;4141;3.13
4142;3.14136;4142;3.14164;4142;3.14139;4142;3.13
4143;3.14184;4143;3.14164;4143;3.14139;4143;3.13
4144;3.14136;4144;3.14164;4144;3.14139;4144;3.13
4145;3.14184;4145;3.14164;4145;3.14139;4145;3.13
4146;3.14136;4146;3.14164;4146;3.14139;4146;3.13
4147;3.14184;4147;3.14164;4147;3.14139;4147;3.13
4148;3.14136;4148;3.14164;4148;3.14139;4148;3.13
4149;3.14184;4149;3.14164;4149;3.14139;4149;3.13
4150;3.14136;4150;3.14164;4150;3.14139;4150;3.13
4151;3.14184;4151;3.14164;4151;3.14139;4151;3.13
4152;3.14136;4152;3.14164;4152;3.14139;4152;3.13
4153;3.14184;4153;3.14164;4153;3.14139;4153;3.13
4154;3.14136;4154;3.14164;4154;3.14139;4154;3.13
4155;3.14184;4155;3.14164;4155;3.14139;4155;3.13
4156;3.14136;4156;3.14164;4156;3.14139;4156;3.13
4157;3.14184;4157;3.14164;4157;3.14139;4157;3.13
4158;3.14136;4158;3.14164;4158;3.14139;4158;3.13
4159;3.14184;4159;3.14164;4159;3.14139;4159;3.13
4160;3.14136;4160;3.14164;4160;3.14139;4160;3.13
4161;3.14184;4161;3.14164;4161;3.14139;4161;3.13
4162;3.14136;4162;3.14164;4162;3.14139;4162;3.13
4163;3.14184;4163;3.14164;4163;3.14139;4163;3.13
4164;3.14136;4164;3.14164;4164;3.14139;4164;3.13
4165;3.14184;4165;3.14164;4165;3.14139;4165;3.13
4166;3.14136;4166;3.14164;4166;3.14139;4166;3.13
4167;3.14184;4167;3.14164;4167;3.14139;4167;3.13
4168;3.14136;4168;3.14164;4168;3.14139;4168;3.13
4169;3.14184;4169;3.14164;4169;3.14139;4169;3.13
4170;3.14136;4170;3.14164;4170;3.14139;4170;3.13
4171;3.14184;4171;3.14164;4171;3.14139;4171;3.13
4172;3.14136;4172;3.14164;4172;3.14139;4172;3.13
4173;3.14184;4173;3.14164;4173;3.14139;4173;3.13
4174;3.14136;4174;3.14164;4174;3.14139;4174;3.13
4175;3.14184;4175;3.14164;4175;3.14139;4175;3.13
4176;3.14136;4176;3.14164;4176;3.14139;4176;3.13
4177;3.14184;4177;3.14164;4177;3.14139;4177;3.13
4178;3.14136;4178;3.14164;4178;3.14139;4178;3.13
4179;3.14184;4179;3.14164;4179;3.14139;4179;3.13
4180;3.14136;4180;3.14164;4180;3.14139;4180;3.13
4181;3.14184;4181;3.14164;4181;3.14139;4181;3.13
4182;3.14136;4182;3.14164;4182;3.14139;4182;3.13
4183;3.14184;4183;3.14164;4183;3.14139;4183;3.13
4184;3.14136;4184;3.14164;4184;3.14139;4184;3.13
4185;3.14184;4185;3.14164;4185;3.14139;4185;3.13
4186;3.14136;4186;3.14164;4186;3.14139;4186;3.13
4187;3.14184;4187;3.14164;4187;3.14139;4187;3.13
4188;3.14136;4188;3.14164;4188;3.14139;4188;3.13
4189;3.14184;4189;3.14164;4189;3.14139;4189;3.13
4190;3.14136;4190;3.14164;4190;3.14139;4190;3.13
4191;3.14184;4191;3.14164;4191;3.14139;4191;3.13
4192;3.14136;4192;3.14164;4192;3.14139;4192;3.13
4193;3.14184;4193;3.14164;4193;3.14139;4193;3.13
4194;3.14136;4194;3.14164;4194;3.14139;4194;3.13
4195;3.14184;4195;3.14164;4195;3.14139;4195;3.13
4196;3.14136;4196;3.14164;4196;3.14139;4196;3.13
4197;3.14184;4197;3.14164;4197;3.14139;4197;3.13
4198;3.14136;4198;3.14164;4198;3.14139;4198;3.13
4199;3.14184;4199;3.14164;4199;3.14139;4199;3.13
4200;3.14136;4200;3.14164;4200;3.14139;4200;3.13
4201;3.14184;4201;3.14164;4201;3.14139;4201;3.13
4202;3.14136;4202;3.14164;4202;3.14139;4202;3.13
4203;3.14184;4203;3.14164;4203;3.14139;4203;3.13
4204;3.14136;4204;3.14164;4204;3.14139;4204;3.13
4205;3.14184;4205;3.14164;4205;3.14139;4205;3.13
4206;3.14136;4206;3.14164;4206;3.14139;4206;3.13
4207;3.14184;4207;3.14164;4207;3.14139;4207;3.13
4208;3.14136;4208;3.14164;4208;3.14139;4208;3.13
4209;3.14184;4209;3.14164;4209;3.14139;4209;3.13
4210;3.14136;4210;3.14164;4210;3.14139;4210;3.13
4211;3.14184;4211;3.14164;4211;3.14139;4211;3.13
4212;3.14136;4212;3.14164;4212;3.14139;4212;3.13
4213;3.14183;4213;3.14164;4213;3.14139;4213;3.13
4214;3.14136;4214;3.14164;4214;3.14139;4214;3.13
4215;3.14183;4215;3.14164;4215;3.14139;4215;3.13
4216;3.14136;4216;3.14164;4216;3.14139;4216;3.13
4217;3.14183;4217;3.14164;4217;3.14139;4217;3.13
4218;3.14136;4218;3.14164;4218;3.14139;4218;3.13
4219;3.14183;4219;3.14164;4219;3.14139;4219;3.13
4220;3.14136;4220;3.14164;4220;3.14139;4220;3.13
4221;3.14183;4221;3.14164;4221;3.14139;4221;3.13
4222;3.14136;4222;3.14164;4222;3.14139;4222;3.13
4223;3.14183;4223;3.14164;4223;3.14139;4223;3.13
4224;3.14136;4224;3.14164;4224;3.14139;4224;3.13
4225;3.14183;4225;3.14164;4225;3.14139;4225;3.13
4226;3.14136;4226;3.14164;4226;3.14139;4226;3.13
4227;3.14183;4227;3.14164;4227;3.14139;4227;3.13
4228;3.14136;4228;3.14164;4228;3.14139;4228;3.13
4229;3.14183;4229;3.14164;4229;3.14139;4229;3.13
4230;3.14136;4230;3.14164;4230;3.14139;4230;3.13
4231;3.14183;4231;3.14164;4231;3.14139;4231;3.13
4232;3.14136;4232;3.14164;4232;3.14139;4232;3.13
4233;3.14183;4233;3.14164;4233;3.14139;4233;3.13
4234;3.14136;4234;3.14164;4234;3.14139;4234;3.13
4235;3.14183;4235;3.14164;4235;3.14139;4235;3.13
4236;3.14136;4236;3.14164;4236;3.14139;4236;3.13
4237;3.14183;4237;3.14164;4237;3.14139;4237;3.13
4238;3.14136;4238;3.14164;4238;3.14139;4238;3.13
4239;3.14183;4239;3.14164;4239;3.14139;4239;3.13
4240;3.14136;4240;3.14164;4240;3.14139;4240;3.13
4241;3.14183;4241;3.14164;4241;3.14139;4241;3.13
4242;3.14136;4242;3.14164;4242;3.14139;4242;3.13
4243;3.14183;4243;3.14164;4243;3.14139;4243;3.13
4244;3.14136;4244;3.14164;4244;3.14139;4244;3.13
4245;3.14183;4245;3.14164;4245;3.14139;4245;3.13
4246;3.14136;4246;3.14164;4246;3.14139;4246;3.13
4247;3.14183;4247;3.14164;4247;3.14139;4247;3.13
4248;3.14136;4248;3.14164;4248;3.14139;4248;3.13
4249;3.14183;4249;3.14164;4249;3.14139;4249;3.13
4250;3.14136;4250;3.14164;4250;3.14139;4250;3.13
4251;3.14183;4251;3.14164;4251;3.14139;4251;3.13
4252;3.14136;4252;3.14164;4252;3.14139;4252;3.13
4253;3.14183;4253;3.14164;4253;3.14139;4253;3.13
4254;3.14136;4254;3.14164;4254;3.14139;4254;3.13
4255;3.14183;4255;3.14164;4255;3.14139;4255;3.13
4256;3.14136;4256;3.14164;4256;3.14139;4256;3.13
4257;3.14183;4257;3.14164;4257;3.14139;4257;3.13
4258;3.14136;4258;3.14164;4258;3.14139;4258;3.13
4259;3.14183;4259;3.14164;4259;3.14139;4259;3.13
4260;3.14136;4260;3.14164;4260;3.14139;4260;3.13
4261;3.14183;4261;3.14164;4261;3.14139;4261;3.13
4262;3.14136;4262;3.14164;4262;3.14139;4262;3.13
4263;3.14183;4263;3.14164;4263;3.14139;4263;3.13
4264;3.14136;4264;3.14164;4264;3.14139;4264;3.13
4265;3.14183;4265;3.14164;4265;3.14139;4265;3.13
4266;3.14136;4266;3.14164;4266;3.14139;4266;3.13
4267;3.14183;4267;3.14164;4267;3.14139;4267;3.13
4268;3.14136;4268;3.14164;4268;3.14139;4268;3.13
4269;3.14183;4269;3.14164;4269;3.14139;4269;3.13
4270;3.14136;4270;3.14164;4270;3.14139;4270;3.13
4271;3.14183;4271;3.14164;4271;3.14139;4271;3.13
4272;3.14136;4272;3.14164;4272;3.14139;4272;3.13
4273;3.14183;4273;3.14164;4273;3.14139;4273;3.13
4274;3.14136;4274;3.14164;4274;3.14139;4274;3.13
4275;3.14183;4275;3.14164;4275;3.14139;4275;3.13
4276;3.14136;4276;3.14164;4276;3.14139;4276;3.13
4277;3.14183;4277;3.14164;4277;3.14139;4277;3.13
4278;3.14136;4278;3.14164;4278;3.14139;4278;3.13
4279;3.14183;4279;3.14164;4279;3.14139;4279;3.13
4280;3.14136;4280;3.14164;4280;3.14139;4280;3.13
4281;3.14183;4281;3.14164;4281;3.14139;4281;3.13
4282;3.14136;4282;3.14164;4282;3.14139;4282;3.13
4283;3.14183;4283;3.14164;4283;3.14139;4283;3.13
4284;3.14136;4284;3.14164;4284;3.14139;4284;3.13
4285;3.14183;4285;3.14164;4285;3.14139;4285;3.13
4286;3.14136;4286;3.14164;4286;3.14139;4286;3.13
4287;3.14183;4287;3.14164;4287;3.14139;4287;3.13
4288;3.14136;4288;3.14164;4288;3.14139;4288;3.13
4289;3.14183;4289;3.14164;4289;3.14139;4289;3.13
4290;3.14136;4290;3.14164;4290;3.14139;4290;3.13
4291;3.14183;4291;3.14164;4291;3.14139;4291;3.13
4292;3.14136;4292;3.14164;4292;3.14139;4292;3.13
4293;3.14183;4293;3.14164;4293;3.14139;4293;3.13
4294;3.14136;4294;3.14164;4294;3.14139;4294;3.13
4295;3.14183;4295;3.14164;4295;3.14139;4295;3.13
4296;3.14136;4296;3.14164;4296;3.14139;4296;3.13
4297;3.14183;4297;3.14164;4297;3.14139;4297;3.13
4298;3.14136;4298;3.14164;4298;3.14139;4298;3.13
4299;3.14183;4299;3.14164;4299;3.14139;4299;3.13
4300;3.14137;4300;3.14164;4300;3.14139;4300;3.13
4301;3.14183;4301;3.14164;4301;3.14139;4301;3.13
4302;3.14137;4302;3.14164;4302;3.14139;4302;3.13
4303;3.14183;4303;3.14164;4303;3.14139;4303;3.13
4304;3.14137;4304;3.14164;4304;3.14139;4304;3.13
4305;3.14183;4305;3.14164;4305;3.14139;4305;3.13
4306;3.14137;4306;3.14164;4306;3.14139;4306;3.13
4307;3.14183;4307;3.14164;4307;3.14139;4307;3.13
4308;3.14137;4308;3.14164;4308;3.14139;4308;3.13
4309;3.14183;4309;3.14164;4309;3.14139;4309;3.13
4310;3.14137;4310;3.14164;4310;3.14139;4310;3.13
4311;3.14183;4311;3.14164;4311;3.14139;4311;3.13
4312;3.14137;4312;3.14164;4312;3.14139;4312;3.13
4313;3.14183;4313;3.14164;4313;3.14139;4313;3.13
4314;3.14137;4314;3.14164;4314;3.14139;4314;3.13
4315;3.14183;4315;3.14164;4315;3.14139;4315;3.13
4316;3.14137;4316;3.14164;4316;3.14139;4316;3.13
4317;3.14183;4317;3.14164;4317;3.14139;4317;3.13
4318;3.14137;4318;3.14164;4318;3.14139;4318;3.13
4319;3.14183;4319;3.14164;4319;3.14139;4319;3.13
4320;3.14137;4320;3.14164;4320;3.14139;4320;3.13
4321;3.14183;4321;3.14164;4321;3.14139;4321;3.13
4322;3.14137;4322;3.14164;4322;3.14139;4322;3.13
4323;3.14183;4323;3.14164;4323;3.14139;4323;3.13
4324;3.14137;4324;3.14164;4324;3.14139;4324;3.13
4325;3.14183;4325;3.14164;4325;3.14139;4325;3.13
4326;3.14137;4326;3.14164;4326;3.14139;4326;3.13
4327;3.14183;4327;3.14164;4327;3.14139;4327;3.13
4328;3.14137;4328;3.14164;4328;3.14139;4328;3.13
4329;3.14183;4329;3.14164;4329;3.14139;4329;3.13
4330;3.14137;4330;3.14164;4330;3.14139;4330;3.13
4331;3.14183;4331;3.14164;4331;3.14139;4331;3.13
4332;3.14137;4332;3.14164;4332;3.14139;4332;3.13
4333;3.14183;4333;3.14164;4333;3.14139;4333;3.13
4334;3.14137;4334;3.14164;4334;3.14139;4334;3.13
4335;3.14183;4335;3.14164;4335;3.14139;4335;3.13
4336;3.14137;4336;3.14164;4336;3.14139;4336;3.13
4337;3.14183;4337;3.14164;4337;3.14139;4337;3.13
4338;3.14137;4338;3.14164;4338;3.14139;4338;3.13
4339;3.14183;4339;3.14164;4339;3.14139;4339;3.13
4340;3.14137;4340;3.14164;4340;3.14139;4340;3.13
4341;3.14183;4341;3.14164;4341;3.14139;4341;3.13
4342;3.14137;4342;3.14164;4342;3.14139;4342;3.13
4343;3.14183;4343;3.14164;4343;3.14139;4343;3.13
4344;3.14137;4344;3.14164;4344;3.14139;4344;3.13
4345;3.14183;4345;3.14164;4345;3.14139;4345;3.13
4346;3.14137;4346;3.14164;4346;3.14139;4346;3.13
4347;3.14183;4347;3.14164;4347;3.14139;4347;3.13
4348;3.14137;4348;3.14164;4348;3.14139;4348;3.13
4349;3.14183;4349;3.14164;4349;3.14139;4349;3.13
4350;3.14137;4350;3.14164;4350;3.14139;4350;3.13
4351;3.14183;4351;3.14164;4351;3.14139;4351;3.13
4352;3.14137;4352;3.14164;4352;3.14139;4352;3.13
4353;3.14183;4353;3.14164;4353;3.14139;4353;3.13
4354;3.14137;4354;3.14164;4354;3.14139;4354;3.13
4355;3.14183;4355;3.14164;4355;3.14139;4355;3.13
4356;3.14137;4356;3.14164;4356;3.14139;4356;3.13
4357;3.14183;4357;3.14164;4357;3.14139;4357;3.13
4358;3.14137;4358;3.14164;4358;3.14139;4358;3.13
4359;3.14183;4359;3.14164;4359;3.14139;4359;3.13
4360;3.14137;4360;3.14164;4360;3.14139;4360;3.13
4361;3.14183;4361;3.14164;4361;3.14139;4361;3.13
4362;3.14137;4362;3.14164;4362;3.14139;4362;3.13
4363;3.14183;4363;3.14164;4363;3.14139;4363;3.13
4364;3.14137;4364;3.14164;4364;3.14139;4364;3.13
4365;3.14183;4365;3.14164;4365;3.14139;4365;3.13
4366;3.14137;4366;3.14164;4366;3.14139;4366;3.13
4367;3.14183;4367;3.14164;4367;3.14139;4367;3.13
4368;3.14137;4368;3.14164;4368;3.14139;4368;3.13
4369;3.14183;4369;3.14164;4369;3.14139;4369;3.13
4370;3.14137;4370;3.14164;4370;3.14139;4370;3.13
4371;3.14183;4371;3.14164;4371;3.14139;4371;3.13
4372;3.14137;4372;3.14164;4372;3.14139;4372;3.13
4373;3.14183;4373;3.14164;4373;3.14139;4373;3.13
4374;3.14137;4374;3.14164;4374;3.14139;4374;3.13
4375;3.14183;4375;3.14164;4375;3.14139;4375;3.13
4376;3.14137;4376;3.14164;4376;3.14139;4376;3.13
4377;3.14183;4377;3.14164;4377;3.14139;4377;3.13
4378;3.14137;4378;3.14164;4378;3.14139;4378;3.13
4379;3.14183;4379;3.14164;4379;3.14139;4379;3.13
4380;3.14137;4380;3.14164;4380;3.14139;4380;3.13
4381;3.14183;4381;3.14164;4381;3.14139;4381;3.13
4382;3.14137;4382;3.14164;4382;3.14139;4382;3.13
4383;3.14183;4383;3.14164;4383;3.14139;4383;3.13
4384;3.14137;4384;3.14164;4384;3.14139;4384;3.13
4385;3.14183;4385;3.14164;4385;3.14139;4385;3.13
4386;3.14137;4386;3.14164;4386;3.14139;4386;3.13
4387;3.14183;4387;3.14164;4387;3.14139;4387;3.13
4388;3.14137;4388;3.14164;4388;3.14139;4388;3.13
4389;3.14183;4389;3.14164;4389;3.14139;4389;3.13
4390;3.14137;4390;3.14164;4390;3.14139;4390;3.13
4391;3.14183;4391;3.14164;4391;3.14139;4391;3.13
4392;3.14137;4392;3.14164;4392;3.14139;4392;3.13
4393;3.14183;4393;3.14164;4393;3.14139;4393;3.13
4394;3.14137;4394;3.14164;4394;3.14139;4394;3.13
4395;3.14183;4395;3.14164;4395;3.14139;4395;3.13
4396;3.14137;4396;3.14164;4396;3.14139;4396;3.13
4397;3.14183;4397;3.14164;4397;3.14139;4397;3.13
4398;3.14137;4398;3.14164;4398;3.14139;4398;3.13
4399;3.14182;4399;3.14164;4399;3.14139;4399;3.13
4400;3.14137;4400;3.14164;4400;3.14139;4400;3.13
4401;3.14182;4401;3.14164;4401;3.14139;4401;3.13
4402;3.14137;4402;3.14164;4402;3.14139;4402;3.13
4403;3.14182;4403;3.14164;4403;3.14139;4403;3.13
4404;3.14137;4404;3.14164;4404;3.14139;4404;3.13
4405;3.14182;4405;3.14164;4405;3.14139;4405;3.13
4406;3.14137;4406;3.14164;4406;3.14139;4406;3.13
4407;3.14182;4407;3.14164;4407;3.14139;4407;3.13
4408;3.14137;4408;3.14164;4408;3.14139;4408;3.13
4409;3.14182;4409;3.14164;4409;3.14139;4409;3.13
4410;3.14137;4410;3.14164;4410;3.14139;4410;3.13
4411;3.14182;4411;3.14164;4411;3.14139;4411;3.13
4412;3.14137;4412;3.14164;4412;3.14139;4412;3.13
4413;3.14182;4413;3.14164;4413;3.14139;4413;3.13
4414;3.14137;4414;3.14164;4414;3.14139;4414;3.13
4415;3.14182;4415;3.14164;4415;3.14139;4415;3.13
4416;3.14137;4416;3.14164;4416;3.14139;4416;3.13
4417;3.14182;4417;3.14164;4417;3.14139;4417;3.13
4418;3.14137;4418;3.14164;4418;3.14139;4418;3.13
4419;3.14182;4419;3.14164;4419;3.14139;4419;3.13
4420;3.14137;4420;3.14164;4420;3.14139;4420;3.13
4421;3.14182;4421;3.14164;4421;3.14139;4421;3.13
4422;3.14137;4422;3.14164;4422;3.14139;4422;3.13
4423;3.14182;4423;3.14164;4423;3.14139;4423;3.13
4424;3.14137;4424;3.14164;4424;3.14139;4424;3.13
4425;3.14182;4425;3.14164;4425;3.14139;4425;3.13
4426;3.14137;4426;3.14164;4426;3.14139;4426;3.13
4427;3.14182;4427;3.14164;4427;3.14139;4427;3.13
4428;3.14137;4428;3.14164;4428;3.14139;4428;3.13
4429;3.14182;4429;3.14164;4429;3.14139;4429;3.13
4430;3.14137;4430;3.14164;4430;3.14139;4430;3.13
4431;3.14182;4431;3.14164;4431;3.14139;4431;3.13
4432;3.14137;4432;3.14164;4432;3.14139;4432;3.13
4433;3.14182;4433;3.14164;4433;3.14139;4433;3.13
4434;3.14137;4434;3.14164;4434;3.14139;4434;3.13
4435;3.14182;4435;3.14164;4435;3.14139;4435;3.13
4436;3.14137;4436;3.14164;4436;3.14139;4436;3.13
4437;3.14182;4437;3.14164;4437;3.14139;4437;3.13
4438;3.14137;4438;3.14164;4438;3.14139;4438;3.13
4439;3.14182;4439;3.14164;4439;3.14139;4439;3.13
4440;3.14137;4440;3.14164;4440;3.14139;4440;3.13
4441;3.14182;4441;3.14164;4441;3.14139;4441;3.13
4442;3.14137;4442;3.14164;4442;3.14139;4442;3.13
4443;3.14182;4443;3.14164;4443;3.14139;4443;3.13
4444;3.14137;4444;3.14164;4444;3.14139;4444;3.13
4445;3.14182;4445;3.14164;4445;3.14139;4445;3.13
4446;3.14137;4446;3.14164;4446;3.14139;4446;3.13
4447;3.14182;4447;3.14164;4447;3.14139;4447;3.13
4448;3.14137;4448;3.14164;4448;3.14139;4448;3.13
4449;3.14182;4449;3.14164;4449;3.14139;4449;3.13
4450;3.14137;4450;3.14164;4450;3.14139;4450;3.13
4451;3.14182;4451;3.14164;4451;3.14139;4451;3.13
4452;3.14137;4452;3.14164;4452;3.14139;4452;3.13
4453;3.14182;4453;3.14164;4453;3.14139;4453;3.13
4454;3.14137;4454;3.14164;4454;3.14139;4454;3.13
4455;3.14182;4455;3.14164;4455;3.14139;4455;3.13
4456;3.14137;4456;3.14164;4456;3.14139;4456;3.13
4457;3.14182;4457;3.14164;4457;3.14139;4457;3.13
4458;3.14137;4458;3.14164;4458;3.14139;4458;3.13
4459;3.14182;4459;3.14164;4459;3.14139;4459;3.13
4460;3.14137;4460;3.14164;4460;3.14139;4460;3.13
4461;3.14182;4461;3.14164;4461;3.14139;4461;3.13
4462;3.14137;4462;3.14164;4462;3.14139;4462;3.13
4463;3.14182;4463;3.14164;4463;3.14139;4463;3.13
4464;3.14137;4464;3.14164;4464;3.14139;4464;3.13
4465;3.14182;4465;3.14164;4465;3.14139;4465;3.13
4466;3.14137;4466;3.14164;4466;3.14139;4466;3.13
4467;3.14182;4467;3.14164;4467;3.14139;4467;3.13
4468;3.14137;4468;3.14164;4468;3.14139;4468;3.13
4469;3.14182;4469;3.14164;4469;3.14139;4469;3.13
4470;3.14137;4470;3.14164;4470;3.14139;4470;3.13
4471;3.14182;4471;3.14164;4471;3.14139;4471;3.13
4472;3.14137;4472;3.14164;4472;3.14139;4472;3.13
4473;3.14182;4473;3.14164;4473;3.14139;4473;3.13
4474;3.14137;4474;3.14164;4474;3.14139;4474;3.13
4475;3.14182;4475;3.14164;4475;3.14139;4475;3.13
4476;3.14137;4476;3.14164;4476;3.14139;4476;3.13
4477;3.14182;4477;3.14164;4477;3.14139;4477;3.13
4478;3.14137;4478;3.14164;4478;3.14139;4478;3.13
4479;3.14182;4479;3.14164;4479;3.14139;4479;3.13
4480;3.14137;4480;3.14164;4480;3.14139;4480;3.13
4481;3.14182;4481;3.14164;4481;3.14139;4481;3.13
4482;3.14137;4482;3.14164;4482;3.14139;4482;3.13
4483;3.14182;4483;3.14164;4483;3.14139;4483;3.13
4484;3.14137;4484;3.14164;4484;3.14139;4484;3.13
4485;3.14182;4485;3.14164;4485;3.14139;4485;3.13
4486;3.14137;4486;3.14164;4486;3.14139;4486;3.13
4487;3.14182;4487;3.14164;4487;3.14139;4487;3.13
4488;3.14137;4488;3.14164;4488;3.14139;4488;3.13
4489;3.14182;4489;3.14164;4489;3.14139;4489;3.13
4490;3.14137;4490;3.14164;4490;3.14139;4490;3.13
4491;3.14182;4491;3.14164;4491;3.14139;4491;3.13
4492;3.14137;4492;3.14164;4492;3.14139;4492;3.13
4493;3.14182;4493;3.14164;4493;3.14139;4493;3.13
4494;3.14137;4494;3.14164;4494;3.14139;4494;3.13
4495;3.14182;4495;3.14164;4495;3.14139;4495;3.13
4496;3.14137;4496;3.14164;4496;3.14139;4496;3.13
4497;3.14182;4497;3.14164;4497;3.14139;4497;3.13
4498;3.14138;4498;3.14164;4498;3.14139;4498;3.13
4499;3.14182;4499;3.14164;4499;3.14139;4499;3.13
4500;3.14138;4500;3.14164;4500;3.14139;4500;3.13
4501;3.14182;4501;3.14164;4501;3.14139;4501;3.13
4502;3.14138;4502;3.14164;4502;3.14139;4502;3.13
4503;3.14182;4503;3.14164;4503;3.14139;4503;3.13
4504;3.14138;4504;3.14164;4504;3.14139;4504;3.13
4505;3.14182;4505;3.14164;4505;3.14139;4505;3.13
4506;3.14138;4506;3.14164;4506;3.14139;4506;3.13
4507;3.14182;4507;3.14164;4507;3.14139;4507;3.13
4508;3.14138;4508;3.14164;4508;3.14139;4508;3.13
4509;3.14182;4509;3.14164;4509;3.14139;4509;3.13
4510;3.14138;4510;3.14164;4510;3.14139;4510;3.13
4511;3.14182;4511;3.14164;4511;3.14139;4511;3.13
4512;3.14138;4512;3.14164;4512;3.14139;4512;3.13
4513;3.14182;4513;3.14164;4513;3.14139;4513;3.13
4514;3.14138;4514;3.14164;4514;3.14139;4514;3.13
4515;3.14182;4515;3.14164;4515;3.14139;4515;3.13
4516;3.14138;4516;3.14164;4516;3.14139;4516;3.13
4517;3.14182;4517;3.14164;4517;3.14139;4517;3.13
4518;3.14138;4518;3.14164;4518;3.14139;4518;3.13
4519;3.14182;4519;3.14164;4519;3.14139;4519;3.13
4520;3.14138;4520;3.14164;4520;3.14139;4520;3.13
4521;3.14182;4521;3.14164;4521;3.14139;4521;3.13
4522;3.14138;4522;3.14164;4522;3.14139;4522;3.13
4523;3.14182;4523;3.14164;4523;3.14139;4523;3.13
4524;3.14138;4524;3.14164;4524;3.14139;4524;3.13
4525;3.14182;4525;3.14164;4525;3.14139;4525;3.13
4526;3.14138;4526;3.14164;4526;3.14139;4526;3.13
4527;3.14182;4527;3.14164;4527;3.14139;4527;3.13
4528;3.14138;4528;3.14164;4528;3.14139;4528;3.13
4529;3.14182;4529;3.14164;4529;3.14139;4529;3.13
4530;3.14138;4530;3.14164;4530;3.14139;4530;3.13
4531;3.14182;4531;3.14164;4531;3.14139;4531;3.13
4532;3.14138;4532;3.14164;4532;3.14139;4532;3.13
4533;3.14182;4533;3.14164;4533;3.14139;4533;3.13
4534;3.14138;4534;3.14164;4534;3.14139;4534;3.13
4535;3.14182;4535;3.14164;4535;3.14139;4535;3.13
4536;3.14138;4536;3.14164;4536;3.14139;4536;3.13
4537;3.14182;4537;3.14164;4537;3.14139;4537;3.13
4538;3.14138;4538;3.14164;4538;3.14139;4538;3.13
4539;3.14182;4539;3.14164;4539;3.14139;4539;3.13
4540;3.14138;4540;3.14164;4540;3.14139;4540;3.13
4541;3.14182;4541;3.14164;4541;3.14139;4541;3.13
4542;3.14138;4542;3.14164;4542;3.14139;4542;3.13
4543;3.14182;4543;3.14164;4543;3.14139;4543;3.13
4544;3.14138;4544;3.14164;4544;3.14139;4544;3.13
4545;3.14182;4545;3.14164;4545;3.14139;4545;3.13
4546;3.14138;4546;3.14164;4546;3.14139;4546;3.13
4547;3.14182;4547;3.14164;4547;3.14139;4547;3.13
4548;3.14138;4548;3.14164;4548;3.14139;4548;3.13
4549;3.14182;4549;3.14164;4549;3.14139;4549;3.13
4550;3.14138;4550;3.14164;4550;3.14139;4550;3.13
4551;3.14182;4551;3.14164;4551;3.14139;4551;3.13
4552;3.14138;4552;3.14164;4552;3.14139;4552;3.13
4553;3.14182;4553;3.14164;4553;3.14139;4553;3.13
4554;3.14138;4554;3.14164;4554;3.14139;4554;3.13
4555;3.14182;4555;3.14164;4555;3.14139;4555;3.13
4556;3.14138;4556;3.14164;4556;3.14139;4556;3.13
4557;3.14182;4557;3.14164;4557;3.14139;4557;3.13
4558;3.14138;4558;3.14164;4558;3.14139;4558;3.13
4559;3.14182;4559;3.14164;4559;3.14139;4559;3.13
4560;3.14138;4560;3.14164;4560;3.14139;4560;3.13
4561;3.14182;4561;3.14164;4561;3.14139;4561;3.13
4562;3.14138;4562;3.14164;4562;3.14139;4562;3.13
4563;3.14182;4563;3.14164;4563;3.14139;4563;3.13
4564;3.14138;4564;3.14164;4564;3.14139;4564;3.13
4565;3.14182;4565;3.14164;4565;3.14139;4565;3.13
4566;3.14138;4566;3.14164;4566;3.14139;4566;3.13
4567;3.14182;4567;3.14164;4567;3.14139;4567;3.13
4568;3.14138;4568;3.14164;4568;3.14139;4568;3.13
4569;3.14182;4569;3.14164;4569;3.14139;4569;3.13
4570;3.14138;4570;3.14164;4570;3.14139;4570;3.13
4571;3.14182;4571;3.14164;4571;3.14139;4571;3.13
4572;3.14138;4572;3.14164;4572;3.14139;4572;3.13
4573;3.14182;4573;3.14164;4573;3.14139;4573;3.13
4574;3.14138;4574;3.14164;4574;3.14139;4574;3.13
4575;3.14182;4575;3.14164;4575;3.14139;4575;3.13
4576;3.14138;4576;3.14164;4576;3.14139;4576;3.13
4577;3.14182;4577;3.14164;4577;3.14139;4577;3.13
4578;3.14138;4578;3.14164;4578;3.14139;4578;3.13
4579;3.14182;4579;3.14164;4579;3.14139;4579;3.13
4580;3.14138;4580;3.14164;4580;3.14139;4580;3.13
4581;3.14182;4581;3.14164;4581;3.14139;4581;3.13
4582;3.14138;4582;3.14164;4582;3.14139;4582;3.13
4583;3.14182;4583;3.14164;4583;3.14139;4583;3.13
4584;3.14138;4584;3.14164;4584;3.14139;4584;3.13
4585;3.14182;4585;3.14164;4585;3.14139;4585;3.13
4586;3.14138;4586;3.14164;4586;3.14139;4586;3.13
4587;3.14182;4587;3.14164;4587;3.14139;4587;3.13
4588;3.14138;4588;3.14164;4588;3.14139;4588;3.13
4589;3.14182;4589;3.14164;4589;3.14139;4589;3.13
4590;3.14138;4590;3.14164;4590;3.14139;4590;3.13
4591;3.14182;4591;3.14164;4591;3.14139;4591;3.13
4592;3.14138;4592;3.14164;4592;3.14139;4592;3.13
4593;3.14182;4593;3.14164;4593;3.14139;4593;3.13
4594;3.14138;4594;3.14164;4594;3.14139;4594;3.13
4595;3.14182;4595;3.14164;4595;3.14139;4595;3.13
4596;3.14138;4596;3.14164;4596;3.14139;4596;3.13
4597;3.14182;4597;3.14164;4597;3.14139;4597;3.13
4598;3.14138;4598;3.14164;4598;3.14139;4598;3.13
4599;3.14181;4599;3.14164;4599;3.14139;4599;3.13
4600;3.14138;4600;3.14164;4600;3.14139;4600;3.13
4601;3.14181;4601;3.14164;4601;3.14139;4601;3.13
4602;3.14138;4602;3.14164;4602;3.14139;4602;3.13
4603;3.14181;4603;3.14164;4603;3.14139;4603;3.13
4604;3.14138;4604;3.14164;4604;3.14139;4604;3.13
4605;3.14181;4605;3.14164;4605;3.14139;4605;3.13
4606;3.14138;4606;3.14164;4606;3.14139;4606;3.13
4607;3.14181;4607;3.14164;4607;3.14139;4607;3.13
4608;3.14138;4608;3.14164;4608;3.14139;4608;3.13
4609;3.14181;4609;3.14164;4609;3.14139;4609;3.13
4610;3.14138;4610;3.14164;4610;3.14139;4610;3.13
4611;3.14181;4611;3.14164;4611;3.14139;4611;3.13
4612;3.14138;4612;3.14164;4612;3.14139;4612;3.13
4613;3.14181;4613;3.14164;4613;3.14139;4613;3.13
4614;3.14138;4614;3.14164;4614;3.14139;4614;3.13
4615;3.14181;4615;3.14164;4615;3.14139;4615;3.13
4616;3.14138;4616;3.14164;4616;3.14139;4616;3.13
4617;3.14181;4617;3.14164;4617;3.14139;4617;3.13
4618;3.14138;4618;3.14164;4618;3.14139;4618;3.13
4619;3.14181;4619;3.14164;4619;3.14139;4619;3.13
4620;3.14138;4620;3.14164;4620;3.14139;4620;3.13
4621;3.14181;4621;3.14164;4621;3.14139;4621;3.13
4622;3.14138;4622;3.14164;4622;3.14139;4622;3.13
4623;3.14181;4623;3.14164;4623;3.14139;4623;3.13
4624;3.14138;4624;3.14164;4624;3.14139;4624;3.13
4625;3.14181;4625;3.14164;4625;3.14139;4625;3.13
4626;3.14138;4626;3.14164;4626;3.14139;4626;3.13
4627;3.14181;4627;3.14164;4627;3.14139;4627;3.13
4628;3.14138;4628;3.14164;4628;3.14139;4628;3.13
4629;3.14181;4629;3.14164;4629;3.14139;4629;3.13
4630;3.14138;4630;3.14164;4630;3.14139;4630;3.13
4631;3.14181;4631;3.14164;4631;3.14139;4631;3.13
4632;3.14138;4632;3.14164;4632;3.14139;4632;3.13
4633;3.14181;4633;3.14164;4633;3.14139;4633;3.13
4634;3.14138;4634;3.14164;4634;3.14139;4634;3.13
4635;3.14181;4635;3.14164;4635;3.14139;4635;3.13
4636;3.14138;4636;3.14164;4636;3.14139;4636;3.13
4637;3.14181;4637;3.14164;4637;3.14139;4637;3.13
4638;3.14138;4638;3.14164;4638;3.14139;4638;3.13
4639;3.14181;4639;3.14164;4639;3.14139;4639;3.13
4640;3.14138;4640;3.14164;4640;3.14139;4640;3.13
4641;3.14181;4641;3.14164;4641;3.14139;4641;3.13
4642;3.14138;4642;3.14164;4642;3.14139;4642;3.13
4643;3.14181;4643;3.14164;4643;3.14139;4643;3.13
4644;3.14138;4644;3.14164;4644;3.14139;4644;3.13
4645;3.14181;4645;3.14164;4645;3.14139;4645;3.13
4646;3.14138;4646;3.14164;4646;3.14139;4646;3.13
4647;3.14181;4647;3.14164;4647;3.14139;4647;3.13
4648;3.14138;4648;3.14164;4648;3.14139;4648;3.13
4649;3.14181;4649;3.14164;4649;3.14139;4649;3.13
4650;3.14138;4650;3.14164;4650;3.14139;4650;3.13
4651;3.14181;4651;3.14164;4651;3.14139;4651;3.13
4652;3.14138;4652;3.14164;4652;3.14139;4652;3.13
4653;3.14181;4653;3.14164;4653;3.14139;4653;3.13
4654;3.14138;4654;3.14164;4654;3.14139;4654;3.13
4655;3.14181;4655;3.14164;4655;3.14139;4655;3.13
4656;3.14138;4656;3.14164;4656;3.14139;4656;3.13
4657;3.14181;4657;3.14164;4657;3.14139;4657;3.13
4658;3.14138;4658;3.14164;4658;3.14139;4658;3.13
4659;3.14181;4659;3.14164;4659;3.14139;4659;3.13
4660;3.14138;4660;3.14164;4660;3.14139;4660;3.13
4661;3.14181;4661;3.14164;4661;3.14139;4661;3.13
4662;3.14138;4662;3.14164;4662;3.14139;4662;3.13
4663;3.14181;4663;3.14164;4663;3.14139;4663;3.13
4664;3.14138;4664;3.14164;4664;3.14139;4664;3.13
4665;3.14181;4665;3.14164;4665;3.14139;4665;3.13
4666;3.14138;4666;3.14164;4666;3.14139;4666;3.13
4667;3.14181;4667;3.14164;4667;3.14139;4667;3.13
4668;3.14138;4668;3.14164;4668;3.14139;4668;3.13
4669;3.14181;4669;3.14164;4669;3.14139;4669;3.13
4670;3.14138;4670;3.14164;4670;3.14139;4670;3.13
4671;3.14181;4671;3.14164;4671;3.14139;4671;3.13
4672;3.14138;4672;3.14164;4672;3.14139;4672;3.13
4673;3.14181;4673;3.14164;4673;3.14139;4673;3.13
4674;3.14138;4674;3.14164;4674;3.14139;4674;3.13
4675;3.14181;4675;3.14164;4675;3.14139;4675;3.13
4676;3.14138;4676;3.14164;4676;3.14139;4676;3.13
4677;3.14181;4677;3.14164;4677;3.14139;4677;3.13
4678;3.14138;4678;3.14164;4678;3.14139;4678;3.13
4679;3.14181;4679;3.14164;4679;3.14139;4679;3.13
4680;3.14138;4680;3.14164;4680;3.14139;4680;3.13
4681;3.14181;4681;3.14164;4681;3.14139;4681;3.13
4682;3.14138;4682;3.14164;4682;3.14139;4682;3.13
4683;3.14181;4683;3.14164;4683;3.14139;4683;3.13
4684;3.14138;4684;3.14164;4684;3.14139;4684;3.13
4685;3.14181;4685;3.14164;4685;3.14139;4685;3.13
4686;3.14138;4686;3.14164;4686;3.14139;4686;3.13
4687;3.14181;4687;3.14164;4687;3.14139;4687;3.13
4688;3.14138;4688;3.14164;4688;3.14139;4688;3.13
4689;3.14181;4689;3.14164;4689;3.14139;4689;3.13
4690;3.14138;4690;3.14164;4690;3.14139;4690;3.13
4691;3.14181;4691;3.14164;4691;3.14139;4691;3.13
4692;3.14138;4692;3.14164;4692;3.14139;4692;3.13
4693;3.14181;4693;3.14164;4693;3.14139;4693;3.13
4694;3.14138;4694;3.14164;4694;3.14139;4694;3.13
4695;3.14181;4695;3.14164;4695;3.14139;4695;3.13
4696;3.14138;4696;3.14164;4696;3.14139;4696;3.13
4697;3.14181;4697;3.14164;4697;3.14139;4697;3.13
4698;3.14138;4698;3.14164;4698;3.14139;4698;3.13
4699;3.14181;4699;3.14164;4699;3.14139;4699;3.13
4700;3.14138;4700;3.14164;4700;3.14139;4700;3.13
4701;3.14181;4701;3.14164;4701;3.14139;4701;3.13
4702;3.14138;4702;3.14164;4702;3.14139;4702;3.13
4703;3.14181;4703;3.14164;4703;3.14139;4703;3.13
4704;3.14138;4704;3.14164;4704;3.14139;4704;3.13
4705;3.14181;4705;3.14164;4705;3.14139;4705;3.13
4706;3.14138;4706;3.14164;4706;3.14139;4706;3.13
4707;3.14181;4707;3.14164;4707;3.14139;4707;3.13
4708;3.14138;4708;3.14164;4708;3.14139;4708;3.13
4709;3.14181;4709;3.14164;4709;3.14139;4709;3.13
4710;3.14139;4710;3.14164;4710;3.14139;4710;3.13
4711;3.14181;4711;3.14164;4711;3.14139;4711;3.13
4712;3.14139;4712;3.14164;4712;3.14139;4712;3.13
4713;3.14181;4713;3.14164;4713;3.14139;4713;3.13
4714;3.14139;4714;3.14164;4714;3.14139;4714;3.13
4715;3.14181;4715;3.14164;4715;3.14139;4715;3.13
4716;3.14139;4716;3.14164;4716;3.14139;4716;3.13
4717;3.14181;4717;3.14164;4717;3.14139;4717;3.13
4718;3.14139;4718;3.14164;4718;3.14139;4718;3.13
4719;3.14181;4719;3.14164;4719;3.14139;4719;3.13
4720;3.14139;4720;3.14164;4720;3.14139;4720;3.13
4721;3.14181;4721;3.14164;4721;3.14139;4721;3.13
4722;3.14139;4722;3.14164;4722;3.14139;4722;3.13
4723;3.14181;4723;3.14164;4723;3.14139;4723;3.13
4724;3.14139;4724;3.14164;4724;3.14139;4724;3.13
4725;3.14181;4725;3.14164;4725;3.14139;4725;3.13
4726;3.14139;4726;3.14164;4726;3.14139;4726;3.13
4727;3.14181;4727;3.14164;4727;3.14139;4727;3.13
4728;3.14139;4728;3.14164;4728;3.14139;4728;3.13
4729;3.14181;4729;3.14164;4729;3.14139;4729;3.13
4730;3.14139;4730;3.14164;4730;3.14139;4730;3.13
4731;3.14181;4731;3.14164;4731;3.14139;4731;3.13
4732;3.14139;4732;3.14164;4732;3.14139;4732;3.13
4733;3.14181;4733;3.14164;4733;3.14139;4733;3.13
4734;3.14139;4734;3.14164;4734;3.14139;4734;3.13
4735;3.14181;4735;3.14164;4735;3.14139;4735;3.13
4736;3.14139;4736;3.14164;4736;3.14139;4736;3.13
4737;3.14181;4737;3.14164;4737;3.14139;4737;3.13
4738;3.14139;4738;3.14164;4738;3.14139;4738;3.13
4739;3.14181;4739;3.14164;4739;3.14139;4739;3.13
4740;3.14139;4740;3.14164;4740;3.14139;4740;3.13
4741;3.14181;4741;3.14164;4741;3.14139;4741;3.13
4742;3.14139;4742;3.14164;4742;3.14139;4742;3.13
4743;3.14181;4743;3.14164;4743;3.14139;4743;3.13
4744;3.14139;4744;3.14164;4744;3.14139;4744;3.13
4745;3.14181;4745;3.14164;4745;3.14139;4745;3.13
4746;3.14139;4746;3.14164;4746;3.14139;4746;3.13
4747;3.14181;4747;3.14164;4747;3.14139;4747;3.13
4748;3.14139;4748;3.14164;4748;3.14139;4748;3.13
4749;3.14181;4749;3.14164;4749;3.14139;4749;3.13
4750;3.14139;4750;3.14164;4750;3.14139;4750;3.13
4751;3.14181;4751;3.14164;4751;3.14139;4751;3.13
4752;3.14139;4752;3.14164;4752;3.14139;4752;3.13
4753;3.14181;4753;3.14164;4753;3.14139;4753;3.13
4754;3.14139;4754;3.14164;4754;3.14139;4754;3.13
4755;3.14181;4755;3.14164;4755;3.14139;4755;3.13
4756;3.14139;4756;3.14164;4756;3.14139;4756;3.13
4757;3.14181;4757;3.14164;4757;3.14139;4757;3.13
4758;3.14139;4758;3.14164;4758;3.14139;4758;3.13
4759;3.14181;4759;3.14164;4759;3.14139;4759;3.13
4760;3.14139;4760;3.14164;4760;3.14139;4760;3.13
4761;3.14181;4761;3.14164;4761;3.14139;4761;3.13
4762;3.14139;4762;3.14164;4762;3.14139;4762;3.13
4763;3.14181;4763;3.14164;4763;3.14139;4763;3.13
4764;3.14139;4764;3.14164;4764;3.14139;4764;3.13
4765;3.14181;4765;3.14164;4765;3.14139;4765;3.13
4766;3.14139;4766;3.14164;4766;3.14139;4766;3.13
4767;3.14181;4767;3.14164;4767;3.14139;4767;3.13
4768;3.14139;4768;3.14164;4768;3.14139;4768;3.13
4769;3.14181;4769;3.14164;4769;3.14139;4769;3.13
4770;3.14139;4770;3.14164;4770;3.14139;4770;3.13
4771;3.14181;4771;3.14164;4771;3.14139;4771;3.13
4772;3.14139;4772;3.14164;4772;3.14139;4772;3.13
4773;3.14181;4773;3.14164;4773;3.14139;4773;3.13
4774;3.14139;4774;3.14164;4774;3.14139;4774;3.13
4775;3.14181;4775;3.14164;4775;3.14139;4775;3.13
4776;3.14139;4776;3.14164;4776;3.14139;4776;3.13
4777;3.14181;4777;3.14164;4777;3.14139;4777;3.13
4778;3.14139;4778;3.14164;4778;3.14139;4778;3.13
4779;3.14181;4779;3.14164;4779;3.14139;4779;3.13
4780;3.14139;4780;3.14164;4780;3.14139;4780;3.13
4781;3.14181;4781;3.14164;4781;3.14139;4781;3.13
4782;3.14139;4782;3.14164;4782;3.14139;4782;3.13
4783;3.14181;4783;3.14164;4783;3.14139;4783;3.13
4784;3.14139;4784;3.14164;4784;3.14139;4784;3.13
4785;3.14181;4785;3.14164;4785;3.14139;4785;3.13
4786;3.14139;4786;3.14164;4786;3.14139;4786;3.13
4787;3.14181;4787;3.14164;4787;3.14139;4787;3.13
4788;3.14139;4788;3.14164;4788;3.14139;4788;3.13
4789;3.14181;4789;3.14164;4789;3.14139;4789;3.13
4790;3.14139;4790;3.14164;4790;3.14139;4790;3.13
4791;3.14181;4791;3.14164;4791;3.14139;4791;3.13
4792;3.14139;4792;3.14164;4792;3.14139;4792;3.13
4793;3.14181;4793;3.14164;4793;3.14139;4793;3.13
4794;3.14139;4794;3.14164;4794;3.14139;4794;3.13
4795;3.14181;4795;3.14164;4795;3.14139;4795;3.13
4796;3.14139;4796;3.14164;4796;3.14139;4796;3.13
4797;3.14181;4797;3.14164;4797;3.14139;4797;3.13
4798;3.14139;4798;3.14164;4798;3.14139;4798;3.13
4799;3.14181;4799;3.14164;4799;3.14139;4799;3.13
4800;3.14139;4800;3.14164;4800;3.14139;4800;3.13
4801;3.14181;4801;3.14164;4801;3.14139;4801;3.13
4802;3.14139;4802;3.14164;4802;3.14139;4802;3.13
4803;3.14181;4803;3.14164;4803;3.14139;4803;3.13
4804;3.14139;4804;3.14164;4804;3.14139;4804;3.13
4805;3.14181;4805;3.14164;4805;3.14139;4805;3.13
4806;3.14139;4806;3.14164;4806;3.14139;4806;3.13
4807;3.14181;4807;3.14164;4807;3.14139;4807;3.13
4808;3.14139;4808;3.14164;4808;3.14139;4808;3.13
4809;3.14181;4809;3.14164;4809;3.14139;4809;3.13
4810;3.14139;4810;3.14164;4810;3.14139;4810;3.13
4811;3.14181;4811;3.14164;4811;3.14139;4811;3.13
4812;3.14139;4812;3.14164;4812;3.14139;4812;3.13
4813;3.14181;4813;3.14164;4813;3.14139;4813;3.13
4814;3.14139;4814;3.14164;4814;3.14139;4814;3.13
4815;3.14181;4815;3.14164;4815;3.14139;4815;3.13
4816;3.14139;4816;3.14164;4816;3.14139;4816;3.13
4817;3.14181;4817;3.14164;4817;3.14139;4817;3.13
4818;3.14139;4818;3.14164;4818;3.14139;4818;3.13
4819;3.14181;4819;3.14164;4819;3.14139;4819;3.13
4820;3.14139;4820;3.14164;4820;3.14139;4820;3.13
4821;3.14181;4821;3.14164;4821;3.14139;4821;3.13
4822;3.14139;4822;3.14164;4822;3.14139;4822;3.13
4823;3.14181;4823;3.14164;4823;3.14139;4823;3.13
4824;3.14139;4824;3.14164;4824;3.14139;4824;3.13
4825;3.14181;4825;3.14164;4825;3.14139;4825;3.13
4826;3.14139;4826;3.14164;4826;3.14139;4826;3.13
4827;3.14181;4827;3.14164;4827;3.14139;4827;3.13
4828;3.14139;4828;3.14164;4828;3.14139;4828;3.13
4829;3.1418;4829;3.14164;4829;3.14139;4829;3.13
4830;3.14139;4830;3.14164;4830;3.14139;4830;3.13
4831;3.1418;4831;3.14164;4831;3.14139;4831;3.13
4832;3.14139;4832;3.14164;4832;3.14139;4832;3.13
4833;3.1418;4833;3.14164;4833;3.14139;4833;3.13
4834;3.14139;4834;3.14164;4834;3.14139;4834;3.13
4835;3.1418;4835;3.14164;4835;3.14139;4835;3.13
4836;3.14139;4836;3.14164;4836;3.14139;4836;3.13
4837;3.1418;4837;3.14164;4837;3.14139;4837;3.13
4838;3.14139;4838;3.14164;4838;3.14139;4838;3.13
4839;3.1418;4839;3.14164;4839;3.14139;4839;3.13
4840;3.14139;4840;3.14164;4840;3.14139;4840;3.13
4841;3.1418;4841;3.14164;4841;3.14139;4841;3.13
4842;3.14139;4842;3.14164;4842;3.14139;4842;3.13
4843;3.1418;4843;3.14164;4843;3.14139;4843;3.13
4844;3.14139;4844;3.14164;4844;3.14139;4844;3.13
4845;3.1418;4845;3.14164;4845;3.14139;4845;3.13
4846;3.14139;4846;3.14164;4846;3.14139;4846;3.13
4847;3.1418;4847;3.14164;4847;3.14139;4847;3.13
4848;3.14139;4848;3.14164;4848;3.14139;4848;3.13
4849;3.1418;4849;3.14164;4849;3.14139;4849;3.13
4850;3.14139;4850;3.14164;4850;3.14139;4850;3.13
4851;3.1418;4851;3.14164;4851;3.14139;4851;3.13
4852;3.14139;4852;3.14164;4852;3.14139;4852;3.13
4853;3.1418;4853;3.14164;4853;3.14139;4853;3.13
4854;3.14139;4854;3.14164;4854;3.14139;4854;3.13
4855;3.1418;4855;3.14164;4855;3.14139;4855;3.13
4856;3.14139;4856;3.14164;4856;3.14139;4856;3.13
4857;3.1418;4857;3.14164;4857;3.14139;4857;3.13
4858;3.14139;4858;3.14164;4858;3.14139;4858;3.13
4859;3.1418;4859;3.14164;4859;3.14139;4859;3.13
4860;3.14139;4860;3.14164;4860;3.14139;4860;3.13
4861;3.1418;4861;3.14164;4861;3.14139;4861;3.13
4862;3.14139;4862;3.14164;4862;3.14139;4862;3.13
4863;3.1418;4863;3.14164;4863;3.14139;4863;3.13
4864;3.14139;4864;3.14164;4864;3.14139;4864;3.13
4865;3.1418;4865;3.14164;4865;3.14139;4865;3.13
4866;3.14139;4866;3.14164;4866;3.14139;4866;3.13
4867;3.1418;4867;3.14164;4867;3.14139;4867;3.13
4868;3.14139;4868;3.14164;4868;3.14139;4868;3.13
4869;3.1418;4869;3.14164;4869;3.14139;4869;3.13
4870;3.14139;4870;3.14164;4870;3.14139;4870;3.13
4871;3.1418;4871;3.14164;4871;3.14139;4871;3.13
4872;3.14139;4872;3.14164;4872;3.14139;4872;3.13
4873;3.1418;4873;3.14164;4873;3.14139;4873;3.13
4874;3.14139;4874;3.14164;4874;3.14139;4874;3.13
4875;3.1418;4875;3.14164;4875;3.14139;4875;3.13
4876;3.14139;4876;3.14164;4876;3.14139;4876;3.13
4877;3.1418;4877;3.14164;4877;3.14139;4877;3.13
4878;3.14139;4878;3.14164;4878;3.14139;4878;3.13
4879;3.1418;4879;3.14164;4879;3.14139;4879;3.13
4880;3.14139;4880;3.14164;4880;3.14139;4880;3.13
4881;3.1418;4881;3.14164;4881;3.14139;4881;3.13
4882;3.14139;4882;3.14164;4882;3.14139;4882;3.13
4883;3.1418;4883;3.14164;4883;3.14139;4883;3.13
4884;3.14139;4884;3.14164;4884;3.14139;4884;3.13
4885;3.1418;4885;3.14164;4885;3.14139;4885;3.13
4886;3.14139;4886;3.14164;4886;3.14139;4886;3.13
4887;3.1418;4887;3.14164;4887;3.14139;4887;3.13
4888;3.14139;4888;3.14164;4888;3.14139;4888;3.13
4889;3.1418;4889;3.14164;4889;3.14139;4889;3.13
4890;3.14139;4890;3.14164;4890;3.14139;4890;3.13
4891;3.1418;4891;3.14164;4891;3.14139;4891;3.13
4892;3.14139;4892;3.14163;4892;3.14139;4892;3.13
4893;3.1418;4893;3.14163;4893;3.14139;4893;3.13
4894;3.14139;4894;3.14163;4894;3.14139;4894;3.13
4895;3.1418;4895;3.14163;4895;3.14139;4895;3.13
4896;3.14139;4896;3.14163;4896;3.14139;4896;3.13
4897;3.1418;4897;3.14163;4897;3.14139;4897;3.13
4898;3.14139;4898;3.14163;4898;3.14139;4898;3.13
4899;3.1418;4899;3.14163;4899;3.14139;4899;3.13
4900;3.14139;4900;3.14163;4900;3.14139;4900;3.13
4901;3.1418;4901;3.14163;4901;3.14139;4901;3.13
4902;3.14139;4902;3.14163;4902;3.14139;4902;3.13
4903;3.1418;4903;3.14163;4903;3.14139;4903;3.13
4904;3.14139;4904;3.14163;4904;3.14139;4904;3.13
4905;3.1418;4905;3.14163;4905;3.14139;4905;3.13
4906;3.14139;4906;3.14163;4906;3.14139;4906;3.13
4907;3.1418;4907;3.14163;4907;3.14139;4907;3.13
4908;3.14139;4908;3.14163;4908;3.14139;4908;3.13
4909;3.1418;4909;3.14163;4909;3.14139;4909;3.13
4910;3.14139;4910;3.14163;4910;3.14139;4910;3.13
4911;3.1418;4911;3.14163;4911;3.14139;4911;3.13
4912;3.14139;4912;3.14163;4912;3.14139;4912;3.13
4913;3.1418;4913;3.14163;4913;3.14139;4913;3.13
4914;3.14139;4914;3.14163;4914;3.14139;4914;3.13
4915;3.1418;4915;3.14163;4915;3.14139;4915;3.13
4916;3.14139;4916;3.14163;4916;3.14139;4916;3.13
4917;3.1418;4917;3.14163;4917;3.14139;4917;3.13
4918;3.14139;4918;3.14163;4918;3.14139;4918;3.13
4919;3.1418;4919;3.14163;4919;3.14139;4919;3.13
4920;3.14139;4920;3.14163;4920;3.14139;4920;3.13
4921;3.1418;4921;3.14163;4921;3.14139;4921;3.13
4922;3.14139;4922;3.14163;4922;3.14139;4922;3.13
4923;3.1418;4923;3.14163;4923;3.14139;4923;3.13
4924;3.14139;4924;3.14163;4924;3.14139;4924;3.13
4925;3.1418;4925;3.14163;4925;3.14139;4925;3.13
4926;3.14139;4926;3.14163;4926;3.14139;4926;3.13
4927;3.1418;4927;3.14163;4927;3.14139;4927;3.13
4928;3.14139;4928;3.14163;4928;3.14139;4928;3.13
4929;3.1418;4929;3.14163;4929;3.14139;4929;3.13
4930;3.14139;4930;3.14163;4930;3.14139;4930;3.13
4931;3.1418;4931;3.14163;4931;3.14139;4931;3.13
4932;3.14139;4932;3.14163;4932;3.14139;4932;3.13
4933;3.1418;4933;3.14163;4933;3.14139;4933;3.13
4934;3.1414;4934;3.14163;4934;3.14139;4934;3.13
4935;3.1418;4935;3.14163;4935;3.14139;4935;3.13
4936;3.1414;4936;3.14163;4936;3.14139;4936;3.13
4937;3.1418;4937;3.14163;4937;3.14139;4937;3.13
4938;3.1414;4938;3.14163;4938;3.14139;4938;3.13
4939;3.1418;4939;3.14163;4939;3.14139;4939;3.13
4940;3.1414;4940;3.14163;4940;3.14139;4940;3.13
4941;3.1418;4941;3.14163;4941;3.14139;4941;3.13
4942;3.1414;4942;3.14163;4942;3.14139;4942;3.13
4943;3.1418;4943;3.14163;4943;3.14139;4943;3.13
4944;3.1414;4944;3.14163;4944;3.14139;4944;3.13
4945;3.1418;4945;3.14163;4945;3.14139;4945;3.13
4946;3.1414;4946;3.14163;4946;3.14139;4946;3.13
4947;3.1418;4947;3.14163;4947;3.14139;4947;3.13
4948;3.1414;4948;3.14163;4948;3.14139;4948;3.13
4949;3.1418;4949;3.14163;4949;3.14139;4949;3.13
4950;3.1414;4950;3.14163;4950;3.14139;4950;3.13
4951;3.1418;4951;3.14163;4951;3.14139;4951;3.13
4952;3.1414;4952;3.14163;4952;3.14139;4952;3.13
4953;3.1418;4953;3.14163;4953;3.14139;4953;3.13
4954;3.1414;4954;3.14163;4954;3.14139;4954;3.13
4955;3.1418;4955;3.14163;4955;3.14139;4955;3.13
4956;3.1414;4956;3.14163;4956;3.14139;4956;3.13
4957;3.1418;4957;3.14163;4957;3.14139;4957;3.13
4958;3.1414;4958;3.14163;4958;3.14139;4958;3.13
4959;3.1418;4959;3.14163;4959;3.14139;4959;3.13
4960;3.1414;4960;3.14163;4960;3.14139;4960;3.13
4961;3.1418;4961;3.14163;4961;3.14139;4961;3.13
4962;3.1414;4962;3.14163;4962;3.14139;4962;3.13
4963;3.1418;4963;3.14163;4963;3.14139;4963;3.13
4964;3.1414;4964;3.14163;4964;3.14139;4964;3.13
4965;3.1418;4965;3.14163;4965;3.14139;4965;3.13
4966;3.1414;4966;3.14163;4966;3.14139;4966;3.13
4967;3.1418;4967;3.14163;4967;3.14139;4967;3.13
4968;3.1414;4968;3.14163;4968;3.14139;4968;3.13
4969;3.1418;4969;3.14163;4969;3.14139;4969;3.13
4970;3.1414;4970;3.14163;4970;3.14139;4970;3.13
4971;3.1418;4971;3.14163;4971;3.14139;4971;3.13
4972;3.1414;4972;3.14163;4972;3.14139;4972;3.13
4973;3.1418;4973;3.14163;4973;3.14139;4973;3.13
4974;3.1414;4974;3.14163;4974;3.14139;4974;3.13
4975;3.1418;4975;3.14163;4975;3.14139;4975;3.13
4976;3.1414;4976;3.14163;4976;3.14139;4976;3.13
4977;3.1418;4977;3.14163;4977;3.14139;4977;3.13
4978;3.1414;4978;3.14163;4978;3.14139;4978;3.13
4979;3.1418;4979;3.14163;4979;3.14139;4979;3.13
4980;3.1414;4980;3.14163;4980;3.14139;4980;3.13
4981;3.1418;4981;3.14163;4981;3.14139;4981;3.13
4982;3.1414;4982;3.14163;4982;3.14139;4982;3.13
4983;3.1418;4983;3.14163;4983;3.14139;4983;3.13
4984;3.1414;4984;3.14163;4984;3.14139;4984;3.13
4985;3.1418;4985;3.14163;4985;3.14139;4985;3.13
4986;3.1414;4986;3.14163;4986;3.14139;4986;3.13
4987;3.1418;4987;3.14163;4987;3.14139;4987;3.13
4988;3.1414;4988;3.14163;4988;3.14139;4988;3.13
4989;3.1418;4989;3.14163;4989;3.14139;4989;3.13
4990;3.1414;4990;3.14163;4990;3.14139;4990;3.13
4991;3.1418;4991;3.14163;4991;3.14139;4991;3.13
4992;3.1414;4992;3.14163;4992;3.14139;4992;3.13
4993;3.1418;4993;3.14163;4993;3.14139;4993;3.13
4994;3.1414;4994;3.14163;4994;3.14139;4994;3.13
4995;3.1418;4995;3.14163;4995;3.14139;4995;3.13
4996;3.1414;4996;3.14163;4996;3.14139;4996;3.13
4997;3.1418;4997;3.14163;4997;3.14139;4997;3.13
4998;3.1414;4998;3.14163;4998;3.14139;4998;3.13
4999;3.1418;4999;3.14163;4999;3.14139;4999;3.13
5000;3.1414;5000;3.14163;5000;3.14139;5000;3.13
